#
# There is insufficient memory for the Java Runtime Environment to continue.
# Native memory allocation (mmap) failed to map 1048576 bytes. Error detail: G1 virtual space
# Possible reasons:
#   The system is out of physical RAM or swap space
#   This process is running with CompressedOops enabled, and the Java Heap may be blocking the growth of the native heap
# Possible solutions:
#   Reduce memory load on the system
#   Increase physical memory or swap space
#   Check if swap backing store is full
#   Decrease Java heap size (-Xmx/-Xms)
#   Decrease number of Java threads
#   Decrease Java thread stack sizes (-Xss)
#   Set larger code cache with -XX:ReservedCodeCacheSize=
#   JVM is running with Unscaled Compressed Oops mode in which the Java heap is
#     placed in the first 4GB address space. The Java Heap base address is the
#     maximum limit for the native heap growth. Please use -XX:HeapBaseMinAddress
#     to set the Java Heap base and to place the Java Heap above 4GB virtual address.
# This output file may be truncated or incomplete.
#
#  Out of Memory Error (os_windows.cpp:3554), pid=4260, tid=31436
#
# JRE version: OpenJDK Runtime Environment Temurin-25.0.3+9 (25.0.3+9) (build 25.0.3+9-LTS)
# Java VM: OpenJDK 64-Bit Server VM Temurin-25.0.3+9 (25.0.3+9-LTS, mixed mode, sharing, tiered, compressed oops, compressed class ptrs, g1 gc, windows-amd64)
# No core dump will be written. Minidumps are not enabled by default on client versions of Windows
#

---------------  S U M M A R Y ------------

Command Line: --add-opens=java.base/java.lang=ALL-UNNAMED --add-opens=java.base/java.lang.invoke=ALL-UNNAMED --add-opens=java.base/java.util=ALL-UNNAMED --add-opens=java.prefs/java.util.prefs=ALL-UNNAMED --add-exports=jdk.compiler/com.sun.tools.javac.api=ALL-UNNAMED --add-exports=jdk.compiler/com.sun.tools.javac.util=ALL-UNNAMED --add-opens=java.base/java.nio.charset=ALL-UNNAMED --add-opens=java.base/java.net=ALL-UNNAMED --add-opens=java.base/java.util.concurrent=ALL-UNNAMED --add-opens=java.base/java.util.concurrent.atomic=ALL-UNNAMED --add-opens=java.xml/javax.xml.namespace=ALL-UNNAMED --add-opens=java.base/java.time=ALL-UNNAMED --enable-native-access=ALL-UNNAMED -Xmx2048m -Dfile.encoding=UTF-8 -Duser.country=IN -Duser.language=en -Duser.variant -javaagent:C:\Users\Ashwin Prakash\.gradle\wrapper\dists\gradle-9.6.0-bin\42k10rwplmzkhuboz9kdazi7s\gradle-9.6.0\lib\agents\gradle-instrumentation-agent-9.6.0.jar org.gradle.launcher.daemon.bootstrap.GradleDaemon 9.6.0

Host: 12th Gen Intel(R) Core(TM) i5-12450HX, 12 cores, 11G,  Windows 11 , 64 bit Build 26100 (10.0.26100.8737)
Time: Sat Oct  3 12:39:47 2026 India Standard Time elapsed time: 2659.315579 seconds (0d 0h 44m 19s)

---------------  T H R E A D  ---------------

Current thread (0x000001776028e820):  JavaThread "ForkJoinPool.commonPool-worker-53" daemon [_thread_in_vm, id=31436, stack(0x0000002826a00000,0x0000002826b00000) (1024K)]

Stack: [0x0000002826a00000,0x0000002826b00000]
Native frames: (J=compiled Java code, j=interpreted, Vv=VM code, C=native code)
V  [jvm.dll+0x7aa709]  (no source info available)
V  [jvm.dll+0x7749ed]  (no source info available)
V  [jvm.dll+0x9f7433]  (no source info available)
V  [jvm.dll+0x9f9a21]  (no source info available)
V  [jvm.dll+0x9fa133]  (no source info available)
V  [jvm.dll+0x2fd266]  (no source info available)
V  [jvm.dll+0x7a6935]  (no source info available)
V  [jvm.dll+0x799d87]  (no source info available)
V  [jvm.dll+0x3f5d88]  (no source info available)
V  [jvm.dll+0x3fdcf6]  (no source info available)
V  [jvm.dll+0x3ea135]  (no source info available)
V  [jvm.dll+0x3ea804]  (no source info available)
V  [jvm.dll+0x3ea362]  (no source info available)
V  [jvm.dll+0x3c1abe]  (no source info available)
V  [jvm.dll+0x3bfbdf]  (no source info available)
V  [jvm.dll+0x7287d6]  (no source info available)
V  [jvm.dll+0x2b3db2]  (no source info available)
V  [jvm.dll+0x9ba5d7]  (no source info available)
V  [jvm.dll+0x80e265]  (no source info available)
C  0x0000017731843709  (no source info available)

The last pc belongs to C2 Runtime new_array (printed below).
Java frames: (J=compiled Java code, j=interpreted, Vv=VM code)
v  ~RuntimeStub::C2 Runtime new_array 0x0000017731843709
J 8374 c2 java.nio.ByteBuffer.allocate(I)Ljava/nio/ByteBuffer; java.base@25.0.3 (20 bytes) @ 0x0000017731fb9514 [0x0000017731fb9300+0x0000000000000214]
J 84144 c1 com.android.apksig.internal.apk.ApkSigningBlockUtils$ChunkSupplier.get()Lcom/android/apksig/internal/apk/ApkSigningBlockUtils$ChunkSupplier$Chunk; (161 bytes) @ 0x000001772aa2336c [0x000001772aa22f80+0x00000000000003ec]
j  com.android.apksig.internal.apk.ApkSigningBlockUtils$ChunkDigester.run()V+226
j  java.util.concurrent.ForkJoinTask$AdaptedInterruptibleRunnable.compute()Ljava/lang/Object;+4 java.base@25.0.3
J 81699 c1 java.util.concurrent.ForkJoinTask$InterruptibleTask.exec()Z java.base@25.0.3 (87 bytes) @ 0x000001772b2bbe2c [0x000001772b2bb880+0x00000000000005ac]
J 78634 c1 java.util.concurrent.ForkJoinTask.doExec()V java.base@25.0.3 (32 bytes) @ 0x000001772bbfef3c [0x000001772bbfee00+0x000000000000013c]
J 31648 c1 java.util.concurrent.ForkJoinPool.runWorker(Ljava/util/concurrent/ForkJoinPool$WorkQueue;)V java.base@25.0.3 (433 bytes) @ 0x000001772cb82aa4 [0x000001772cb81f80+0x0000000000000b24]
j  java.util.concurrent.ForkJoinWorkerThread.run()V+31 java.base@25.0.3
v  ~StubRoutines::call_stub 0x00000177317212ed
Lock stack of current Java thread (top to bottom):

--------------------------------------------------------------------------------
Decoding CodeBlob, name: C2 Runtime new_array, at  [0x00000177318436e0, 0x0000017731843748]  104 bytes
[MachCode]
  0x00000177318436e0: 4881 ec28 | 0000 0048 | 896c 2420 | 4989 a728 | 0400 0048 | 8bca 418b | d04d 8bc7 | 49ba 30e2 
  0x0000017731843700: 52ba f97f | 0000 41ff | d20f 1f84 | 0000 0000 | 004d 89a7 | 2804 0000 | 4d89 a730 | 0400 0049 
  0x0000017731843720: 8b87 8004 | 0000 4d89 | a780 0400 | 004d 3b67 | 0875 0648 | 83c4 205d | c348 83c4 | 205d e99d 
  0x0000017731843740: daed fff4 | f4f4 f4f4 
[/MachCode]
--------------------------------------------------------------------------------


Compiled method (c2) 2659520 8374       4       java.nio.ByteBuffer::allocate (20 bytes)
 total in heap  [0x0000017731fb9208,0x0000017731fb9648] = 1088
 main code      [0x0000017731fb9300,0x0000017731fb9630] = 816
 stub code      [0x0000017731fb9630,0x0000017731fb9648] = 24
 mutable data [0x00000177473df650,0x00000177473df700] = 176
 relocation     [0x00000177473df650,0x00000177473df680] = 48
 metadata       [0x00000177473df680,0x00000177473df700] = 128
 immutable data [0x00000177456c50e0,0x00000177456c51d0] = 240
 dependencies   [0x00000177456c50e0,0x00000177456c5110] = 48
 handler table  [0x00000177456c5110,0x00000177456c5140] = 48
 scopes pcs     [0x00000177456c5140,0x00000177456c5190] = 80
 scopes data    [0x00000177456c5190,0x00000177456c51d0] = 64

[Constant Pool (empty)]

[MachCode]
[Verified Entry Point]
  # {method} {0x000000002a227bd8} 'allocate' '(I)Ljava/nio/ByteBuffer;' in 'java/nio/ByteBuffer'
  # parm0:    rdx       = int
  #           [sp+0x40]  (sp of caller)
  0x0000017731fb9300: 8984 2400 | 80ff ff55 | 4883 ec30 | 4181 7f20 | 4d00 0000 | 0f85 0503 | 0000 8954 | 2410 85d2 
  0x0000017731fb9320: 0f8c fe01 | 0000 498b | afc8 0100 | 004c 8bd5 | 4983 c238 | 4d3b 97d8 | 0100 000f | 839c 0100 
  0x0000017731fb9340: 004d 8997 | c801 0000 | 410f 0d8a | c000 0000 | 48c7 4500 | 0100 0000 

  0x0000017731fb9358: ;   {metadata('java/nio/HeapByteBuffer')}
  0x0000017731fb9358: c745 0830 | d32e 0044 | 8965 0c4c | 8965 104c | 8965 184c | 8965 204c | 8965 284c | 8965 3044 
  0x0000017731fb9378: 8b54 2410 | 4181 fa00 | 0010 000f | 8777 0100 | 004d 8b8f | c801 0000 | 458b da49 | 63cb 4883 
  0x0000017731fb9398: c117 4c8b | d149 83e2 | f84d 8bd9 | 4d03 da4d | 3b9f d801 | 0000 0f83 | 4c01 0000 | 4d89 9fc8 
  0x0000017731fb93b8: 0100 0041 | 0f0d 8bc0 | 0000 0049 | c701 0100 | 0000 410f | 0d8b 0001 

  0x0000017731fb93d0: ;   {metadata({type array byte})}
  0x0000017731fb93d0: 0000 41c7 | 4108 4847 | 1800 448b | 4424 1045 | 8941 0c41 | 0f0d 8b40 | 0100 0049 | 8bf9 4883 
  0x0000017731fb93f0: c710 410f | 0d8b 8001 | 0000 48c1 | e903 4883 | c1fe 4833 | c048 83f9 | 087f 1048 | ffc9 784f 
  0x0000017731fb9410: 4889 04cf | 48ff c97d | f7eb 44c5 | fdef c0e9 | 0d00 0000 | c5fe 7f07 | c5fe 7f47 | 2048 83c7 
  0x0000017731fb9430: 4048 83e9 | 087d ed48 | 83c1 047c | 0cc5 fe7f | 0748 83c7 | 2048 83e9 | 0448 83c1 | 047e 1048 
  0x0000017731fb9450: ffc9 c5f9 | d607 4883 | c708 48ff | c97d f3c7 | 450c ffff | ffff 448b | 5424 1044 | 8955 1c44 
  0x0000017731fb9470: 8955 2044 | 8965 2c44 | 8865 32c6 | 4531 014c | 8d55 2841 | 807f 4800 | 0f85 c000 | 0000 4d8b 
  0x0000017731fb9490: d945 891a | 4d8b c24d | 33c1 49c1 | e814 0f84 | 1e00 0000 | 4d8b c249 | c1e8 0949 | bb00 0086 
  0x0000017731fb94b0: 3977 0100 | 004d 03c3 | 4180 3802 | 0f85 f000 | 0000 48c7 | 4510 1000 | 0000 488b | c548 83c4 
  0x0000017731fb94d0: ;   {poll_return}
  0x0000017731fb94d0: 305d 493b | 6728 0f87 | 2d01 0000 

  0x0000017731fb94dc: ;   {metadata('java/nio/HeapByteBuffer')}
  0x0000017731fb94dc: c348 ba30 | d32e 2a00 | 0000 008b 

  0x0000017731fb94e8: ;   {runtime_call C2 Runtime new_instance}
  0x0000017731fb94e8: 6c24 10e8 

  0x0000017731fb94ec: ; ImmutableOopMap {}
                      ;*new {reexecute=0 rethrow=0 return_oop=1}
                      ; - java.nio.ByteBuffer::allocate@9 (line 398)
  0x0000017731fb94ec: f0a4 88ff 

  0x0000017731fb94f0: ;   {post_call_nop}
  0x0000017731fb94f0: 0f1f 8400 | e802 0000 | 488b e8e9 | 77fe ffff 

  0x0000017731fb9500: ;   {metadata({type array byte})}
  0x0000017731fb9500: 48ba 4847 | 182a 0000 | 0000 448b 

  0x0000017731fb950c: ;   {runtime_call C2 Runtime new_array}
  0x0000017731fb950c: 4424 10e8 

  0x0000017731fb9510: ; ImmutableOopMap {rbp=Oop }
                      ;*newarray {reexecute=0 rethrow=0 return_oop=1}
                      ; - java.nio.HeapByteBuffer::<init>@6 (line 75)
                      ; - java.nio.ByteBuffer::allocate@16 (line 398)
  0x0000017731fb9510: cca1 88ff 

  0x0000017731fb9514: ;   {post_call_nop}
  0x0000017731fb9514: 0f1f 8400 | 0c03 0001 | 4c8b c8e9 | 3bff ffff | ba45 ffff | ff8b 6c24 

  0x0000017731fb952c: ;   {runtime_call UncommonTrapBlob}
  0x0000017731fb952c: 1066 90e8 

  0x0000017731fb9530: ; ImmutableOopMap {}
                      ;*ifge {reexecute=1 rethrow=0 return_oop=0}
                      ; - (reexecute) java.nio.ByteBuffer::allocate@1 (line 396)
  0x0000017731fb9530: aca7 88ff 

  0x0000017731fb9534: ;   {post_call_nop}
  0x0000017731fb9534: 0f1f 8400 | 2c03 0002 | 488b d0eb | 0348 8bd0 | 4883 c430 

  0x0000017731fb9548: ;   {runtime_call C2 Runtime rethrow}
  0x0000017731fb9548: 5de9 1215 | 89ff 458b | 1a49 83fb | 000f 8433 | ffff ff4d | 8b47 384d | 85c0 0f84 | 1400 0000 
  0x0000017731fb9568: 4983 e808 | 4d89 4738 | 4d03 4740 | 4d89 18e9 | 12ff ffff | 4883 ec30 | 4c89 5424 | 284c 894c 
  0x0000017731fb9588: 2420 498b | cb49 8bd7 

  0x0000017731fb9590: ;   {runtime_call}
  0x0000017731fb9590: 48b8 508a | 0dba f97f | 0000 ffd0 | 4c8b 4c24 | 204c 8b54 | 2428 c5f8 | 7748 83c4 | 30e9 dcfe 
  0x0000017731fb95b0: ffff f083 | 4424 c000 | 4180 3800 | 0f84 00ff | ffff 41c6 | 0000 4d8b | 5f50 4d85 | db0f 8414 
  0x0000017731fb95d0: 0000 0049 | 83eb 084d | 895f 504d | 035f 584d | 8903 e9db | feff ff48 | 83ec 2049 | 8bc8 498b 
  0x0000017731fb95f0: ;   {runtime_call}
  0x0000017731fb95f0: d748 b830 | 8a0d baf9 | 7f00 00ff | d0c5 f877 | 4883 c420 | e9b9 feff 

  0x0000017731fb9608: ;   {internal_word}
  0x0000017731fb9608: ff49 bad2 | 94fb 3177 | 0100 004d | 8997 e004 

  0x0000017731fb9618: ;   {runtime_call SafepointBlob}
  0x0000017731fb9618: 0000 e941 

  0x0000017731fb961c: ;   {runtime_call Stub::method_entry_barrier}
  0x0000017731fb961c: 797b ffe8 | dcab 79ff | e9f1 fcff | fff4 f4f4 | f4f4 f4f4 
[Exception Handler]
  0x0000017731fb9630: ;   {runtime_call ExceptionBlob}
  0x0000017731fb9630: e9ab a988 | ffe8 0000 | 0000 4883 

  0x0000017731fb963c: ;   {runtime_call DeoptimizationBlob}
  0x0000017731fb963c: 2c24 05e9 | 1c7c 7bff | f4f4 f4f4 
[/MachCode]


Compiled method (c1) 2659525 84144   !   3       com.android.apksig.internal.apk.ApkSigningBlockUtils$ChunkSupplier::get (161 bytes)
 total in heap  [0x000001772aa22e88,0x000001772aa239e0] = 2904
 main code      [0x000001772aa22f80,0x000001772aa23940] = 2496
 stub code      [0x000001772aa23940,0x000001772aa239d8] = 152
 oops           [0x000001772aa239d8,0x000001772aa239e0] = 8
 mutable data [0x000001775fab7200,0x000001775fab7328] = 296
 relocation     [0x000001775fab7200,0x000001775fab7300] = 256
 metadata       [0x000001775fab7300,0x000001775fab7328] = 40
 immutable data [0x0000017754562a10,0x0000017754562e98] = 1160
 dependencies   [0x0000017754562a10,0x0000017754562a20] = 16
 nul chk table  [0x0000017754562a20,0x0000017754562a70] = 80
 handler table  [0x0000017754562a70,0x0000017754562ae8] = 120
 scopes pcs     [0x0000017754562ae8,0x0000017754562cc8] = 480
 scopes data    [0x0000017754562cc8,0x0000017754562e98] = 464

[Constant Pool (empty)]

[MachCode]
[Instructions begin]
  0x000001772aa22f80: 6666 660f | 1f84 0000 | 0000 0066 | 6666 9066 | 6690 448b | 5208 443b 

  0x000001772aa22f98: ;   {runtime_call Shared Runtime ic_miss_blob}
  0x000001772aa22f98: 5008 0f85 | 40bb d406 
[Verified Entry Point]
  0x000001772aa22fa0: 8984 2400 | 80ff ff55 | 4881 ecc0 | 0000 0090 | 4181 7f20 | 4d00 0000 

  0x000001772aa22fb8: ;   {runtime_call Stub::method_entry_barrier}
  0x000001772aa22fb8: 7405 e841 | 12d3 0648 | 8994 2480 

  0x000001772aa22fc4: ;   {metadata(method data for {method} {0x000001775342dc50} 'get' '()Lcom/android/apksig/internal/apk/ApkSigningBlockUtils$ChunkSupplier$Chunk;' in 'com/android/apksig/internal/apk/ApkSigningBlockUtils$ChunkSupplier')}
  0x000001772aa22fc4: 0000 0048 | bec0 e0a2 | 5377 0100 | 008b be90 | 0000 0083 | c702 89be | 9000 0000 | 81e7 fe07 
  0x000001772aa22fe4: 0000 85ff | 0f84 7307 | 0000 8b72 | 1848 3b06 

  0x000001772aa22ff4: ;   {metadata(method data for {method} {0x000001775342dc50} 'get' '()Lcom/android/apksig/internal/apk/ApkSigningBlockUtils$ChunkSupplier$Chunk;' in 'com/android/apksig/internal/apk/ApkSigningBlockUtils$ChunkSupplier')}
  0x000001772aa22ff4: 488b fe48 | bbc0 e0a2 | 5377 0100 | 008b 7f08 | 41ba 0000 | 002a 4903 | fa48 3bbb | e000 0000 
  0x000001772aa23014: 750d 4883 | 83e8 0000 | 0001 e960 | 0000 0048 | 3bbb f000 | 0000 750d | 4883 83f8 | 0000 0001 
  0x000001772aa23034: e94a 0000 | 0048 83bb | e000 0000 | 0075 1748 | 89bb e000 | 0000 48c7 | 83e8 0000 | 0001 0000 
  0x000001772aa23054: 00e9 2900 | 0000 4883 | bbf0 0000 | 0000 7517 | 4889 bbf0 | 0000 0048 | c783 f800 | 0000 0100 
  0x000001772aa23074: 0000 e908 | 0000 0048 | 8383 d800 | 0000 0148 

  0x000001772aa23084: ;   {optimized virtual_call}
  0x000001772aa23084: 8bd6 90e8 

  0x000001772aa23088: ; ImmutableOopMap {[128]=Oop }
                      ;*invokevirtual getAndIncrement {reexecute=0 rethrow=0 return_oop=0}
                      ; - com.android.apksig.internal.apk.ApkSigningBlockUtils$ChunkSupplier::get@4 (line 552)
  0x000001772aa23088: 0472 d707 

  0x000001772aa2308c: ;   {post_call_nop}
  0x000001772aa2308c: 0f1f 8400 | 0402 0000 | 8984 2494 | 0000 0085 

  0x000001772aa2309c: ;   {metadata(method data for {method} {0x000001775342dc50} 'get' '()Lcom/android/apksig/internal/apk/ApkSigningBlockUtils$ChunkSupplier$Chunk;' in 'com/android/apksig/internal/apk/ApkSigningBlockUtils$ChunkSupplier')}
  0x000001772aa2309c: c048 bac0 | e0a2 5377 | 0100 00be | 0801 0000 | 7c05 be18 | 0100 0048 | 8b3c 3248 | 8d7f 0148 
  0x000001772aa230bc: 893c 320f | 8cc6 0500 | 0048 8b94 | 2480 0000 | 008b 720c 

  0x000001772aa230d0: ;   {metadata(method data for {method} {0x000001775342dc50} 'get' '()Lcom/android/apksig/internal/apk/ApkSigningBlockUtils$ChunkSupplier$Chunk;' in 'com/android/apksig/internal/apk/ApkSigningBlockUtils$ChunkSupplier')}
  0x000001772aa230d0: 3bc6 48be | c0e0 a253 | 7701 0000 | bf38 0100 | 007d 05bf | 2801 0000 | 488b 1c3e | 488d 5b01 
  0x000001772aa230f0: 4889 1c3e | 0f8d 9105 | 0000 4863 | f0bf 0000 | 0000 e98b | 0000 0090 | 8b4a 143b | 790c 0f83 
  0x000001772aa23110: 7d06 0000 | 4c63 c742 | 8b4c 8110 | 4863 c94c | 8bc6 4c3b 

  0x000001772aa23124: ;   {metadata(method data for {method} {0x000001775342dc50} 'get' '()Lcom/android/apksig/internal/apk/ApkSigningBlockUtils$ChunkSupplier$Chunk;' in 'com/android/apksig/internal/apk/ApkSigningBlockUtils$ChunkSupplier')}
  0x000001772aa23124: c149 b8c0 | e0a2 5377 | 0100 0041 | b978 0100 | 007c 0641 | b968 0100 | 004f 8b1c | 084d 8d5b 
  0x000001772aa23144: 014f 891c | 080f 8c7a | 0000 0048 | 2bf1 ffc7 

  0x000001772aa23154: ;   {metadata(method data for {method} {0x000001775342dc50} 'get' '()Lcom/android/apksig/internal/apk/ApkSigningBlockUtils$ChunkSupplier$Chunk;' in 'com/android/apksig/internal/apk/ApkSigningBlockUtils$ChunkSupplier')}
  0x000001772aa23154: 48bb c0e0 | a253 7701 | 0000 8b8b | 9400 0000 | 83c1 0289 | 8b94 0000 | 0081 e1fe | 3f00 0085 
  0x000001772aa23174: c90f 8424 | 0600 004d 

  0x000001772aa2317c: ; ImmutableOopMap {rdx=Oop [128]=Oop }
                      ;*goto {reexecute=1 rethrow=0 return_oop=0}
                      ; - (reexecute) com.android.apksig.internal.apk.ApkSigningBlockUtils$ChunkSupplier::get@64 (line 559)
                      ;   {poll}
  0x000001772aa2317c: 8b57 3041 

  0x000001772aa23180: ;   {metadata(method data for {method} {0x000001775342dc50} 'get' '()Lcom/android/apksig/internal/apk/ApkSigningBlockUtils$ChunkSupplier$Chunk;' in 'com/android/apksig/internal/apk/ApkSigningBlockUtils$ChunkSupplier')}
  0x000001772aa23180: 8502 48bb | c0e0 a253 | 7701 0000 | ff83 a001 | 0000 8b5a | 108b 4b0c 

  0x000001772aa23198: ;   {metadata(method data for {method} {0x000001775342dc50} 'get' '()Lcom/android/apksig/internal/apk/ApkSigningBlockUtils$ChunkSupplier$Chunk;' in 'com/android/apksig/internal/apk/ApkSigningBlockUtils$ChunkSupplier')}
  0x000001772aa23198: 3bf9 48b9 | c0e0 a253 | 7701 0000 | 41b8 4801 | 0000 7d06 | 41b8 5801 | 0000 4e8b | 0c01 4d8d 
  0x000001772aa231b8: 4901 4e89 | 0c01 0f8d | 1500 0000 | e93f ffff 

  0x000001772aa231c8: ;   {metadata(method data for {method} {0x000001775342dc50} 'get' '()Lcom/android/apksig/internal/apk/ApkSigningBlockUtils$ChunkSupplier$Chunk;' in 'com/android/apksig/internal/apk/ApkSigningBlockUtils$ChunkSupplier')}
  0x000001772aa231c8: ff48 b9c0 | e0a2 5377 | 0100 00ff | 8188 0100 | 0048 89b4 | 2488 0000 | 003b 7b0c | 0f83 db05 
  0x000001772aa231e8: 0000 4863 | cf8b 5c8b | 1048 3b03 

  0x000001772aa231f4: ;   {metadata(method data for {method} {0x000001775342dc50} 'get' '()Lcom/android/apksig/internal/apk/ApkSigningBlockUtils$ChunkSupplier$Chunk;' in 'com/android/apksig/internal/apk/ApkSigningBlockUtils$ChunkSupplier')}
  0x000001772aa231f4: 488b cb49 | b8c0 e0a2 | 5377 0100 | 008b 4908 | 41ba 0000 | 002a 4903 | ca49 3b88 | c001 0000 
  0x000001772aa23214: 750d 4983 | 80c8 0100 | 0001 e960 | 0000 0049 | 3b88 d001 | 0000 750d | 4983 80d8 | 0100 0001 
  0x000001772aa23234: e94a 0000 | 0049 83b8 | c001 0000 | 0075 1749 | 8988 c001 | 0000 49c7 | 80c8 0100 | 0001 0000 
  0x000001772aa23254: 00e9 2900 | 0000 4983 | b8d0 0100 | 0000 7517 | 4989 88d0 | 0100 0049 | c780 d801 | 0000 0100 
  0x000001772aa23274: 0000 e908 | 0000 0049 | 8380 b801 | 0000 0148 | 8bd3 89bc | 2490 0000 | 0048 b840 | 2d22 4e77 
  0x000001772aa23294: ;   {virtual_call}
  0x000001772aa23294: 0100 00e8 

  0x000001772aa23298: ; ImmutableOopMap {[128]=Oop }
                      ;*invokeinterface size {reexecute=0 rethrow=0 return_oop=0}
                      ; - com.android.apksig.internal.apk.ApkSigningBlockUtils$ChunkSupplier::get@73 (line 567)
  0x000001772aa23298: 14f9 e106 

  0x000001772aa2329c: ;   {post_call_nop}
  0x000001772aa2329c: 0f1f 8400 | 1404 0002 | 488b d0be | 0000 1000 | 488b fe48 | 8b84 2488 | 0000 0048 | 0faf c748 
  0x000001772aa232bc: ;   {metadata(method data for {method} {0x000001775342dc50} 'get' '()Lcom/android/apksig/internal/apk/ApkSigningBlockUtils$ChunkSupplier$Chunk;' in 'com/android/apksig/internal/apk/ApkSigningBlockUtils$ChunkSupplier')}
  0x000001772aa232bc: 2bd0 48bf | c0e0 a253 | 7701 0000 | 4883 87e8 | 0100 0001 

  0x000001772aa232d0: ;   {metadata(method data for {method} {0x000000002a49e690} 'min' '(JJ)J' in 'java/lang/Math')}
  0x000001772aa232d0: 48bf b8e6 | 183f 7701 | 0000 8b9f | 9000 0000 | 83c3 0289 | 9f90 0000 | 0081 e3fe | ff1f 0085 
  0x000001772aa232f0: db0f 84e1 | 0400 0048 

  0x000001772aa232f8: ;   {metadata(method data for {method} {0x000000002a49e690} 'min' '(JJ)J' in 'java/lang/Math')}
  0x000001772aa232f8: 3bf2 48be | b8e6 183f | 7701 0000 | bfe8 0000 | 007d 05bf | d800 0000 | 488b 1c3e | 488d 5b01 
  0x000001772aa23318: 4889 1c3e | 0f8d 0a00 | 0000 ba00 | 0010 00e9 | 1000 0000 

  0x000001772aa2332c: ;   {metadata(method data for {method} {0x000000002a49e690} 'min' '(JJ)J' in 'java/lang/Math')}
  0x000001772aa2332c: 48be b8e6 | 183f 7701 | 0000 ff86 | f800 0000 | 4889 8424 | 9800 0000 | 8bd2 8994 | 24a0 0000 
  0x000001772aa2334c: ;   {metadata(method data for {method} {0x000001775342dc50} 'get' '()Lcom/android/apksig/internal/apk/ApkSigningBlockUtils$ChunkSupplier$Chunk;' in 'com/android/apksig/internal/apk/ApkSigningBlockUtils$ChunkSupplier')}
  0x000001772aa2334c: 0048 bec0 | e0a2 5377 | 0100 0048 | 8386 f801 | 0000 0148 | 8bf2 488b 

  0x000001772aa23364: ;   {static_call}
  0x000001772aa23364: d666 90e8 

  0x000001772aa23368: ; ImmutableOopMap {[128]=Oop }
                      ;*invokestatic allocate {reexecute=0 rethrow=0 return_oop=0}
                      ; - com.android.apksig.internal.apk.ApkSigningBlockUtils$ChunkSupplier::get@99 (line 572)
  0x000001772aa23368: 945f 5907 

  0x000001772aa2336c: ;   {post_call_nop}
  0x000001772aa2336c: 0f1f 8400 | e404 0003 | 4889 8424 | a800 0000 | 4c8b 8424 | 9800 0000 | 488b b424 | 8800 0000 
  0x000001772aa2338c: 8bbc 2490 | 0000 0048 | 8b94 2480 | 0000 0044 | 8b4a 1041 | 3b79 0c0f | 835a 0400 | 0048 63ff 
  0x000001772aa233ac: 418b 54b9 | 1048 3b02 

  0x000001772aa233b4: ;   {metadata(method data for {method} {0x000001775342dc50} 'get' '()Lcom/android/apksig/internal/apk/ApkSigningBlockUtils$ChunkSupplier$Chunk;' in 'com/android/apksig/internal/apk/ApkSigningBlockUtils$ChunkSupplier')}
  0x000001772aa233b4: 4c8b ca48 | bfc0 e0a2 | 5377 0100 | 0045 8b49 | 0841 ba00 | 0000 2a4d | 03ca 4c3b | 8f10 0200 
  0x000001772aa233d4: 0075 0d48 | 8387 1802 | 0000 01e9 | 6000 0000 | 4c3b 8f20 | 0200 0075 | 0d48 8387 | 2802 0000 
  0x000001772aa233f4: 01e9 4a00 | 0000 4883 | bf10 0200 | 0000 7517 | 4c89 8f10 | 0200 0048 | c787 1802 | 0000 0100 
  0x000001772aa23414: 0000 e929 | 0000 0048 | 83bf 2002 | 0000 0075 | 174c 898f | 2002 0000 | 48c7 8728 | 0200 0001 
  0x000001772aa23434: 0000 00e9 | 0800 0000 | 4883 8708 | 0200 0001 | 448b 8c24 | a000 0000 | 488b f866 | 0f1f 4400 
  0x000001772aa23454: 0048 b868 | 2d22 4e77 

  0x000001772aa2345c: ;   {virtual_call}
  0x000001772aa2345c: 0100 00e8 

  0x000001772aa23460: ; ImmutableOopMap {[168]=Oop }
                      ;*invokeinterface copyTo {reexecute=0 rethrow=0 return_oop=0}
                      ; - com.android.apksig.internal.apk.ApkSigningBlockUtils$ChunkSupplier::get@119 (line 574)
  0x000001772aa23460: 84f5 e106 

  0x000001772aa23464: ;   {post_call_nop}
  0x000001772aa23464: 0f1f 8400 | dc05 0004 

  0x000001772aa2346c: ;   {metadata(method data for {method} {0x000001775342dc50} 'get' '()Lcom/android/apksig/internal/apk/ApkSigningBlockUtils$ChunkSupplier$Chunk;' in 'com/android/apksig/internal/apk/ApkSigningBlockUtils$ChunkSupplier')}
  0x000001772aa2346c: 48ba c0e0 | a253 7701 | 0000 ff82 | 3802 0000 | 488b 8424 | a800 0000 

  0x000001772aa23484: ; implicit exception: dispatches to 0x000001772aa23816
  0x000001772aa23484: 483b 0048 

  0x000001772aa23488: ;   {metadata(method data for {method} {0x000001775342dc50} 'get' '()Lcom/android/apksig/internal/apk/ApkSigningBlockUtils$ChunkSupplier$Chunk;' in 'com/android/apksig/internal/apk/ApkSigningBlockUtils$ChunkSupplier')}
  0x000001772aa23488: 8bf8 48bb | c0e0 a253 | 7701 0000 | 8b7f 0841 | ba00 0000 | 2a49 03fa | 483b bb68 | 0200 0075 
  0x000001772aa234a8: 0d48 8383 | 7002 0000 | 01e9 6000 | 0000 483b | bb78 0200 | 0075 0d48 | 8383 8002 | 0000 01e9 
  0x000001772aa234c8: 4a00 0000 | 4883 bb68 | 0200 0000 | 7517 4889 | bb68 0200 | 0048 c783 | 7002 0000 | 0100 0000 
  0x000001772aa234e8: e929 0000 | 0048 83bb | 7802 0000 | 0075 1748 | 89bb 7802 | 0000 48c7 | 8380 0200 | 0001 0000 
  0x000001772aa23508: 00e9 0800 | 0000 4883 | 8360 0200 | 0001 488b | d00f 1f40 | 0048 b890 | 2d22 4e77 

  0x000001772aa23524: ;   {virtual_call}
  0x000001772aa23524: 0100 00e8 

  0x000001772aa23528: ; ImmutableOopMap {[168]=Oop }
                      ;*invokevirtual rewind {reexecute=0 rethrow=0 return_oop=0}
                      ; - com.android.apksig.internal.apk.ApkSigningBlockUtils$ChunkSupplier::get@143 (line 580)
  0x000001772aa23528: 661c d400 

  0x000001772aa2352c: ;   {post_call_nop}
  0x000001772aa2352c: 0f1f 8400 | a406 0005 

  0x000001772aa23534: ;   {metadata('com/android/apksig/internal/apk/ApkSigningBlockUtils$ChunkSupplier$Chunk')}
  0x000001772aa23534: 48ba 8820 | da2c 0000 | 0000 498b | 87c8 0100 | 0048 8d78 | 1849 3bbf | d801 0000 | 0f87 c502 
  0x000001772aa23554: 0000 4989 | bfc8 0100 | 0048 c700 | 0100 0000 | 488b ca41 | ba00 0000 | 2a49 2bca | 8948 0848 
  0x000001772aa23574: 33c9 8948 | 0c48 33c9 | 4889 4810 

  0x000001772aa23580: ;   {metadata(method data for {method} {0x000001775342dc50} 'get' '()Lcom/android/apksig/internal/apk/ApkSigningBlockUtils$ChunkSupplier$Chunk;' in 'com/android/apksig/internal/apk/ApkSigningBlockUtils$ChunkSupplier')}
  0x000001772aa23580: 488b d048 | bec0 e0a2 | 5377 0100 | 0048 8386 | 9002 0000 

  0x000001772aa23594: ;   {metadata(method data for {method} {0x00000177534314d0} '<init>' '(ILjava/nio/ByteBuffer;ILcom/android/apksig/internal/apk/ApkSigningBlockUtils$1;)V' in 'com/android/apksig/internal/apk/ApkSigningBlockUtils$ChunkSupplier$Chunk')}
  0x000001772aa23594: 0148 bab8 | e3a2 5377 | 0100 008b | b290 0000 | 0083 c602 | 89b2 9000 | 0000 81e6 | feff 1f00 
  0x000001772aa235b4: 85f6 0f84 | 6c02 0000 

  0x000001772aa235bc: ;   {metadata(method data for {method} {0x00000177534314d0} '<init>' '(ILjava/nio/ByteBuffer;ILcom/android/apksig/internal/apk/ApkSigningBlockUtils$1;)V' in 'com/android/apksig/internal/apk/ApkSigningBlockUtils$ChunkSupplier$Chunk')}
  0x000001772aa235bc: 488b d048 | beb8 e3a2 | 5377 0100 | 0048 8386 | d800 0000 

  0x000001772aa235d0: ;   {metadata(method data for {method} {0x00000177534311f8} '<init>' '(ILjava/nio/ByteBuffer;I)V' in 'com/android/apksig/internal/apk/ApkSigningBlockUtils$ChunkSupplier$Chunk')}
  0x000001772aa235d0: 0148 bae0 | e4a2 5377 | 0100 008b | b290 0000 | 0083 c602 | 89b2 9000 | 0000 81e6 | feff 1f00 
  0x000001772aa235f0: 85f6 0f84 | 5102 0000 

  0x000001772aa235f8: ;   {metadata(method data for {method} {0x00000177534311f8} '<init>' '(ILjava/nio/ByteBuffer;I)V' in 'com/android/apksig/internal/apk/ApkSigningBlockUtils$ChunkSupplier$Chunk')}
  0x000001772aa235f8: 488b d048 | bee0 e4a2 | 5377 0100 | 0048 8386 | d800 0000 

  0x000001772aa2360c: ;   {metadata(method data for {method} {0x000000002a4b42a8} '<init>' '()V' in 'java/lang/Object')}
  0x000001772aa2360c: 0148 ba80 | bd00 3f77 | 0100 008b | b290 0000 | 0083 c602 | 89b2 9000 | 0000 81e6 | feff 1f00 
  0x000001772aa2362c: 85f6 0f84 | 3602 0000 | 8b94 2494 | 0000 0089 | 500c 410f | be57 4885 | d20f 8540 | 0200 0048 
  0x000001772aa2364c: 8b94 24a8 | 0000 004c | 8bd2 4489 | 5014 488b | f048 33f2 | 48c1 ee14 | 4883 fe00 | 0f85 3802 
  0x000001772aa2366c: 0000 8b94 | 24a0 0000 | 0089 5010 | 4881 c4c0 | 0000 005d 

  0x000001772aa23680: ;   {poll_return}
  0x000001772aa23680: 493b 6728 | 0f87 3402 

  0x000001772aa23688: ;   {oop(nullptr)}
  0x000001772aa23688: 0000 c348 | b800 0000 | 0000 0000 | 0048 81c4 | c000 0000 

  0x000001772aa2369c: ;   {poll_return}
  0x000001772aa2369c: 5d49 3b67 | 280f 872d | 0200 00c3 | 498b 8788 | 0500 004d | 33d2 4d89 | 9788 0500 | 004d 33d2 
  0x000001772aa236bc: 4d89 9790 | 0500 004c | 8bc8 6690 

  0x000001772aa236c8: ;   {other}
  0x000001772aa236c8: e92c 0200 | 0000 0000 | 0000 498b | 87c8 0100 | 0048 8d78 | 2849 3bbf | d801 0000 | 0f87 1902 
  0x000001772aa236e8: 0000 4989 | bfc8 0100 | 0048 c700 | 0100 0000 | 488b ca41 | ba00 0000 | 2a49 2bca | 8948 0848 
  0x000001772aa23708: 33c9 8948 | 0c48 33c9 | 4889 4810 | 4889 4818 | 4889 4820 

  0x000001772aa2371c: ;   {metadata(method data for {method} {0x000001775342dc50} 'get' '()Lcom/android/apksig/internal/apk/ApkSigningBlockUtils$ChunkSupplier$Chunk;' in 'com/android/apksig/internal/apk/ApkSigningBlockUtils$ChunkSupplier')}
  0x000001772aa2371c: 4c8b c048 | bac0 e0a2 | 5377 0100 | 0048 8382 | 5002 0000 

  0x000001772aa23730: ;   {oop("Failed to read chunk"{0x0000000086b7de08})}
  0x000001772aa23730: 0149 b808 | deb7 8600 | 0000 0048 | 8bd0 4889 | 8424 b000 

  0x000001772aa23744: ;   {optimized virtual_call}
  0x000001772aa23744: 0000 90e8 

  0x000001772aa23748: ; ImmutableOopMap {[176]=Oop }
                      ;*invokespecial <init> {reexecute=0 rethrow=0 return_oop=0}
                      ; - com.android.apksig.internal.apk.ApkSigningBlockUtils$ChunkSupplier::get@137 (line 578)
  0x000001772aa23748: 94b6 d406 

  0x000001772aa2374c: ;   {post_call_nop}
  0x000001772aa2374c: 0f1f 8400 | c408 0006 | 488b 8424 | b000 0000 | e9cc 0100 

  0x000001772aa23760: ;   {metadata({method} {0x000001775342dc50} 'get' '()Lcom/android/apksig/internal/apk/ApkSigningBlockUtils$ChunkSupplier$Chunk;' in 'com/android/apksig/internal/apk/ApkSigningBlockUtils$ChunkSupplier')}
  0x000001772aa23760: 0049 ba48 | dc42 5377 | 0100 004c | 8954 2408 | 48c7 0424 | ffff ffff 

  0x000001772aa23778: ;   {runtime_call C1 Runtime counter_overflow_blob}
  0x000001772aa23778: e8e3 8ae1 

  0x000001772aa2377c: ; ImmutableOopMap {rdx=Oop [128]=Oop }
                      ;*synchronization entry
                      ; - com.android.apksig.internal.apk.ApkSigningBlockUtils$ChunkSupplier::get@-1 (line 552)
  0x000001772aa2377c: 06e9 6cf8 

  0x000001772aa23780: ;   {runtime_call C1 Runtime throw_null_pointer_exception_blob}
  0x000001772aa23780: ffff e859 

  0x000001772aa23784: ; ImmutableOopMap {rdx=Oop rsi=Oop [128]=Oop }
                      ;*invokevirtual getAndIncrement {reexecute=0 rethrow=0 return_oop=0}
                      ; - com.android.apksig.internal.apk.ApkSigningBlockUtils$ChunkSupplier::get@4 (line 552)
                      ;   {runtime_call C1 Runtime throw_null_pointer_exception_blob}
  0x000001772aa23784: 2fe1 06e8 

  0x000001772aa23788: ; ImmutableOopMap {rdx=Oop rbx=Oop rcx=Oop [128]=Oop }
                      ;*iaload {reexecute=0 rethrow=0 return_oop=0}
                      ; - com.android.apksig.internal.apk.ApkSigningBlockUtils$ChunkSupplier::get@42 (line 560)
  0x000001772aa23788: 542f e106 

  0x000001772aa2378c: ;   {runtime_call C1 Runtime throw_null_pointer_exception_blob}
  0x000001772aa2378c: e84f 2fe1 

  0x000001772aa23790: ; ImmutableOopMap {rdx=Oop rbx=Oop rcx=Oop [128]=Oop }
                      ;*iaload {reexecute=0 rethrow=0 return_oop=0}
                      ; - com.android.apksig.internal.apk.ApkSigningBlockUtils$ChunkSupplier::get@42 (line 560)
  0x000001772aa23790: 0648 893c | 2448 894c 

  0x000001772aa23798: ;   {runtime_call C1 Runtime throw_range_check_failed_blob}
  0x000001772aa23798: 2408 e841 

  0x000001772aa2379c: ; ImmutableOopMap {rdx=Oop rbx=Oop rcx=Oop [128]=Oop }
                      ;*iaload {reexecute=0 rethrow=0 return_oop=0}
                      ; - com.android.apksig.internal.apk.ApkSigningBlockUtils$ChunkSupplier::get@42 (line 560)
                      ;   {metadata({method} {0x000001775342dc50} 'get' '()Lcom/android/apksig/internal/apk/ApkSigningBlockUtils$ChunkSupplier$Chunk;' in 'com/android/apksig/internal/apk/ApkSigningBlockUtils$ChunkSupplier')}
  0x000001772aa2379c: 26e1 0649 | ba48 dc42 | 5377 0100 | 004c 8954 | 2408 48c7 | 0424 4000 

  0x000001772aa237b4: ;   {runtime_call C1 Runtime counter_overflow_blob}
  0x000001772aa237b4: 0000 e8a5 

  0x000001772aa237b8: ; ImmutableOopMap {rdx=Oop [128]=Oop }
                      ;*goto {reexecute=1 rethrow=0 return_oop=0}
                      ; - (reexecute) com.android.apksig.internal.apk.ApkSigningBlockUtils$ChunkSupplier::get@64 (line 559)
  0x000001772aa237b8: 8ae1 06e9 | bbf9 ffff 

  0x000001772aa237c0: ;   {runtime_call C1 Runtime throw_null_pointer_exception_blob}
  0x000001772aa237c0: e81b 2fe1 

  0x000001772aa237c4: ; ImmutableOopMap {rdx=Oop rbx=Oop [128]=Oop }
                      ;*arraylength {reexecute=0 rethrow=0 return_oop=0}
                      ; - com.android.apksig.internal.apk.ApkSigningBlockUtils$ChunkSupplier::get@32 (line 559)
  0x000001772aa237c4: 0648 893c | 2448 895c 

  0x000001772aa237cc: ;   {runtime_call C1 Runtime throw_range_check_failed_blob}
  0x000001772aa237cc: 2408 e80d 

  0x000001772aa237d0: ; ImmutableOopMap {rbx=Oop [128]=Oop }
                      ;*aaload {reexecute=0 rethrow=0 return_oop=0}
                      ; - com.android.apksig.internal.apk.ApkSigningBlockUtils$ChunkSupplier::get@72 (line 566)
                      ;   {runtime_call C1 Runtime throw_null_pointer_exception_blob}
  0x000001772aa237d0: 26e1 06e8 

  0x000001772aa237d4: ; ImmutableOopMap {rbx=Oop [128]=Oop }
                      ;*invokeinterface size {reexecute=0 rethrow=0 return_oop=0}
                      ; - com.android.apksig.internal.apk.ApkSigningBlockUtils$ChunkSupplier::get@73 (line 567)
  0x000001772aa237d4: 082f e106 

  0x000001772aa237d8: ;   {metadata({method} {0x000000002a49e690} 'min' '(JJ)J' in 'java/lang/Math')}
  0x000001772aa237d8: 49ba 88e6 | 492a 0000 | 0000 4c89 | 5424 0848 | c704 24ff 

  0x000001772aa237ec: ;   {runtime_call C1 Runtime counter_overflow_blob}
  0x000001772aa237ec: ffff ffe8 

  0x000001772aa237f0: ; ImmutableOopMap {[128]=Oop }
                      ;*synchronization entry
                      ; - java.lang.Math::min@-1 (line 2135)
                      ; - com.android.apksig.internal.apk.ApkSigningBlockUtils$ChunkSupplier::get@87 (line 566)
  0x000001772aa237f0: 6c8a e106 | e9fe faff 

  0x000001772aa237f8: ;   {runtime_call C1 Runtime throw_null_pointer_exception_blob}
  0x000001772aa237f8: ffe8 e22e 

  0x000001772aa237fc: ; ImmutableOopMap {rax=Oop r9=Oop [168]=Oop }
                      ;*aaload {reexecute=0 rethrow=0 return_oop=0}
                      ; - com.android.apksig.internal.apk.ApkSigningBlockUtils$ChunkSupplier::get@109 (line 574)
                      ;   {runtime_call C1 Runtime throw_null_pointer_exception_blob}
  0x000001772aa237fc: e106 e8dd 

  0x000001772aa23800: ; ImmutableOopMap {rax=Oop r9=Oop [168]=Oop }
                      ;*aaload {reexecute=0 rethrow=0 return_oop=0}
                      ; - com.android.apksig.internal.apk.ApkSigningBlockUtils$ChunkSupplier::get@109 (line 574)
  0x000001772aa23800: 2ee1 0648 | 893c 244c | 894c 2408 

  0x000001772aa2380c: ;   {runtime_call C1 Runtime throw_range_check_failed_blob}
  0x000001772aa2380c: e8cf 25e1 

  0x000001772aa23810: ; ImmutableOopMap {rax=Oop r9=Oop [168]=Oop }
                      ;*aaload {reexecute=0 rethrow=0 return_oop=0}
                      ; - com.android.apksig.internal.apk.ApkSigningBlockUtils$ChunkSupplier::get@109 (line 574)
                      ;   {runtime_call C1 Runtime throw_null_pointer_exception_blob}
  0x000001772aa23810: 06e8 ca2e 

  0x000001772aa23814: ; ImmutableOopMap {rax=Oop rdx=Oop [168]=Oop }
                      ;*invokeinterface copyTo {reexecute=0 rethrow=0 return_oop=0}
                      ; - com.android.apksig.internal.apk.ApkSigningBlockUtils$ChunkSupplier::get@119 (line 574)
                      ;   {runtime_call C1 Runtime throw_null_pointer_exception_blob}
  0x000001772aa23814: e106 e8c5 

  0x000001772aa23818: ; ImmutableOopMap {rax=Oop [168]=Oop }
                      ;*invokevirtual rewind {reexecute=0 rethrow=0 return_oop=0}
                      ; - com.android.apksig.internal.apk.ApkSigningBlockUtils$ChunkSupplier::get@143 (line 580)
  0x000001772aa23818: 2ee1 0648 

  0x000001772aa2381c: ;   {runtime_call C1 Runtime fast_new_instance_blob}
  0x000001772aa2381c: 8bd2 e8bd 

  0x000001772aa23820: ; ImmutableOopMap {[168]=Oop }
                      ;*new {reexecute=0 rethrow=0 return_oop=0}
                      ; - com.android.apksig.internal.apk.ApkSigningBlockUtils$ChunkSupplier::get@147 (line 582)
  0x000001772aa23820: 3be1 06e9 | 58fd ffff 

  0x000001772aa23828: ;   {metadata({method} {0x00000177534314d0} '<init>' '(ILjava/nio/ByteBuffer;ILcom/android/apksig/internal/apk/ApkSigningBlockUtils$1;)V' in 'com/android/apksig/internal/apk/ApkSigningBlockUtils$ChunkSupplier$Chunk')}
  0x000001772aa23828: 49ba c814 | 4353 7701 | 0000 4c89 | 5424 0848 | c704 24ff 

  0x000001772aa2383c: ;   {runtime_call C1 Runtime counter_overflow_blob}
  0x000001772aa2383c: ffff ffe8 

  0x000001772aa23840: ; ImmutableOopMap {rax=Oop [168]=Oop }
                      ;*synchronization entry
                      ; - com.android.apksig.internal.apk.ApkSigningBlockUtils$ChunkSupplier$Chunk::<init>@-1 (line 585)
                      ; - com.android.apksig.internal.apk.ApkSigningBlockUtils$ChunkSupplier::get@157 (line 582)
  0x000001772aa23840: 1c8a e106 | e973 fdff 

  0x000001772aa23848: ;   {metadata({method} {0x00000177534311f8} '<init>' '(ILjava/nio/ByteBuffer;I)V' in 'com/android/apksig/internal/apk/ApkSigningBlockUtils$ChunkSupplier$Chunk')}
  0x000001772aa23848: ff49 baf0 | 1143 5377 | 0100 004c | 8954 2408 | 48c7 0424 | ffff ffff 

  0x000001772aa23860: ;   {runtime_call C1 Runtime counter_overflow_blob}
  0x000001772aa23860: e8fb 89e1 

  0x000001772aa23864: ; ImmutableOopMap {rax=Oop [168]=Oop }
                      ;*synchronization entry
                      ; - com.android.apksig.internal.apk.ApkSigningBlockUtils$ChunkSupplier$Chunk::<init>@-1 (line 590)
                      ; - com.android.apksig.internal.apk.ApkSigningBlockUtils$ChunkSupplier$Chunk::<init>@4 (line 585)
                      ; - com.android.apksig.internal.apk.ApkSigningBlockUtils$ChunkSupplier::get@157 (line 582)
  0x000001772aa23864: 06e9 8efd 

  0x000001772aa23868: ;   {metadata({method} {0x000000002a4b42a8} '<init>' '()V' in 'java/lang/Object')}
  0x000001772aa23868: ffff 49ba | a042 4b2a | 0000 0000 | 4c89 5424 | 0848 c704 | 24ff ffff 

  0x000001772aa23880: ;   {runtime_call C1 Runtime counter_overflow_blob}
  0x000001772aa23880: ffe8 da89 

  0x000001772aa23884: ; ImmutableOopMap {rax=Oop [168]=Oop }
                      ;*synchronization entry
                      ; - java.lang.Object::<init>@-1 (line 44)
                      ; - com.android.apksig.internal.apk.ApkSigningBlockUtils$ChunkSupplier$Chunk::<init>@1 (line 590)
                      ; - com.android.apksig.internal.apk.ApkSigningBlockUtils$ChunkSupplier$Chunk::<init>@4 (line 585)
                      ; - com.android.apksig.internal.apk.ApkSigningBlockUtils$ChunkSupplier::get@157 (line 582)
  0x000001772aa23884: e106 e9a9 | fdff ff8b | 5014 4883 | fa00 0f84 | b3fd ffff | 4889 1424 

  0x000001772aa2389c: ;   {runtime_call g1_pre_barrier_slow}
  0x000001772aa2389c: e8bf 8fe1 | 06e9 a5fd | ffff 4883 | fa00 0f84 | befd ffff | 4889 0424 

  0x000001772aa238b4: ;   {runtime_call g1_post_barrier_slow}
  0x000001772aa238b4: e8a7 92e1 | 06e9 b0fd 

  0x000001772aa238bc: ;   {internal_word}
  0x000001772aa238bc: ffff 49ba | 8036 a22a | 7701 0000 | 4d89 97e0 

  0x000001772aa238cc: ;   {runtime_call SafepointBlob}
  0x000001772aa238cc: 0400 00e9 | 8cd6 d406 

  0x000001772aa238d4: ;   {internal_word}
  0x000001772aa238d4: 49ba 9d36 | a22a 7701 | 0000 4d89 | 97e0 0400 

  0x000001772aa238e4: ;   {runtime_call SafepointBlob}
  0x000001772aa238e4: 00e9 76d6 

  0x000001772aa238e8: ;   {metadata(nullptr)}
  0x000001772aa238e8: d406 48ba | 0000 0000 | 0000 0000 | b800 0f05 

  0x000001772aa238f8: ;   {runtime_call C1 Runtime load_klass_patching_blob}
  0x000001772aa238f8: 0ae8 e278 

  0x000001772aa238fc: ; ImmutableOopMap {r9=Oop }
                      ;*new {reexecute=1 rethrow=0 return_oop=0}
                      ; - (reexecute) com.android.apksig.internal.apk.ApkSigningBlockUtils$ChunkSupplier::get@129 (line 578)
  0x000001772aa238fc: e106 e9c5 | fdff ff48 

  0x000001772aa23904: ;   {runtime_call C1 Runtime fast_new_instance_blob}
  0x000001772aa23904: 8bd2 e8d5 

  0x000001772aa23908: ; ImmutableOopMap {r9=Oop }
                      ;*new {reexecute=0 rethrow=0 return_oop=0}
                      ; - com.android.apksig.internal.apk.ApkSigningBlockUtils$ChunkSupplier::get@129 (line 578)
  0x000001772aa23908: 3ae1 06e9 | 0cfe ffff | 498b 8788 | 0500 0049 | c787 8805 | 0000 0000 | 0000 49c7 | 8790 0500 
  0x000001772aa23928: 0000 0000 | 0048 81c4 | c000 0000 

  0x000001772aa23934: ;   {runtime_call C1 Runtime unwind_exception_blob}
  0x000001772aa23934: 5de9 a61e | e106 f4f4 | f4f4 f4f4 
[Stub Code]
  0x000001772aa23940: ;   {other}
  0x000001772aa23940: 0f1f 4400 

  0x000001772aa23944: ;   {static_stub}
  0x000001772aa23944: 0048 bb00 | 0000 0000 

  0x000001772aa2394c: ;   {runtime_call nmethod}
  0x000001772aa2394c: 0000 00e9 | fbff ffff 

  0x000001772aa23954: ;   {static_stub}
  0x000001772aa23954: 9048 bb00 | 0000 0000 

  0x000001772aa2395c: ;   {runtime_call nmethod}
  0x000001772aa2395c: 0000 00e9 | fbff ffff 

  0x000001772aa23964: ;   {static_stub}
  0x000001772aa23964: 9048 bb00 | 0000 0000 

  0x000001772aa2396c: ;   {runtime_call nmethod}
  0x000001772aa2396c: 0000 00e9 | fbff ffff 

  0x000001772aa23974: ;   {static_stub}
  0x000001772aa23974: 48bb 0000 | 0000 0000 

  0x000001772aa2397c: ;   {runtime_call nmethod}
  0x000001772aa2397c: 0000 e9fb 

  0x000001772aa23980: ;   {static_stub}
  0x000001772aa23980: ffff ff48 | bb00 0000 | 0000 0000 

  0x000001772aa2398c: ;   {runtime_call nmethod}
  0x000001772aa2398c: 00e9 fbff 

  0x000001772aa23990: ;   {static_stub}
  0x000001772aa23990: ffff 48bb | 0000 0000 | 0000 0000 

  0x000001772aa2399c: ;   {runtime_call nmethod}
  0x000001772aa2399c: e9fb ffff 

  0x000001772aa239a0: ;   {runtime_call C1 Runtime handle_exception_from_callee_blob}
  0x000001772aa239a0: ffe8 ba52 

  0x000001772aa239a4: ;   {external_word}
  0x000001772aa239a4: e106 48b9 | 6020 86ba | f97f 0000 | 4883 e4f0 

  0x000001772aa239b4: ;   {runtime_call}
  0x000001772aa239b4: 48b8 50a8 | 40ba f97f | 0000 ffd0 

  0x000001772aa239c0: ;   {section_word}
  0x000001772aa239c0: f449 bac1 | 39a2 2a77 | 0100 0041 

  0x000001772aa239cc: ;   {runtime_call DeoptimizationBlob}
  0x000001772aa239cc: 52e9 8ed8 | d406 f4f4 | f4f4 f4f4 
[/MachCode]


---------------  P R O C E S S  ---------------

Threads class SMR info:
_java_thread_list=0x0000017748cb3900, length=133, elements={
0x00000177216e9db0, 0x000001773eb03720, 0x000001773eb04d00, 0x000001773eb07990,
0x000001773eb096b0, 0x000001773eb0cac0, 0x000001773eb0f690, 0x000001773eb13c70,
0x000001773eb149b0, 0x00000177431707e0, 0x000001774322aa30, 0x0000017743e68520,
0x00000177454ac020, 0x00000177446c17f0, 0x0000017745275040, 0x0000017745277750,
0x00000177452767b0, 0x00000177459c4a80, 0x00000177459c2b40, 0x00000177459c8130,
0x0000017747119be0, 0x0000017748a59c70, 0x0000017748a5bbb0, 0x0000017748a5c380,
0x0000017748ca3830, 0x000001774e040970, 0x000001774e0428b0, 0x000001774ecc89a0,
0x000001774f2cdca0, 0x000001774f2d22f0, 0x000001774f2cfbe0, 0x000001774f2d4a00,
0x000001774711c2f0, 0x000001774711ea00, 0x000001774ef23710, 0x000001774ef20830,
0x000001774ef22770, 0x000001774ef22f40, 0x000001774ef21000, 0x000001774ef21fa0,
0x000001775e4d2650, 0x000001775e4d0710, 0x000001775e4cefa0, 0x000001775e4cf770,
0x000001775e4d16b0, 0x000001775e4d0ee0, 0x000001775f4417d0, 0x000001775ff476b0,
0x0000017767cf3c20, 0x000001775e2b0160, 0x000001776028eff0, 0x0000017769165500,
0x00000177688c5830, 0x00000177688c67d0, 0x00000177688c7770, 0x000001774f2cf410,
0x000001776a7f0cd0, 0x000001775f2e3a10, 0x000001775f2e22a0, 0x000001775f2e2a70,
0x000001775e2ad280, 0x000001775fe25330, 0x000001775e2ada50, 0x000001775e2ae220,
0x0000017768789ef0, 0x000001776878a6c0, 0x0000017768788f50, 0x000001776878ae90,
0x000001775e2ae9f0, 0x000001776a0387e0, 0x000001776a035900, 0x000001776a038010,
0x000001776a038fb0, 0x000001776a0360d0, 0x000001776a037070, 0x000001776a037840,
0x0000017761e12920, 0x0000017761e130f0, 0x0000017761e12150, 0x0000017761e138c0,
0x0000017761e14860, 0x0000017768b21b60, 0x0000017768eee060, 0x0000017768eef7d0,
0x0000017768eee830, 0x0000017768eef000, 0x000001774fd15850, 0x000001774fd16020,
0x000001774fd167f0, 0x000001774fd16fc0, 0x0000017747628830, 0x00000177476297d0,
0x0000017747629000, 0x0000017746696700, 0x000001775fbef180, 0x000001775fbed240,
0x000001775ff48650, 0x0000017749071870, 0x0000017746696ed0, 0x0000017768851440,
0x0000017768852bb0, 0x00000177688504a0, 0x0000017754d07af0, 0x0000017754d04440,
0x000001774eb4d670, 0x000001774f519760, 0x0000017769895600, 0x00000177672a29f0,
0x00000177672a4930, 0x00000177466995e0, 0x00000177688d5e10, 0x000001775eca0970,
0x00000177672a31c0, 0x00000177672a3990, 0x000001774f881020, 0x000001776801e380,
0x00000177430d9430, 0x00000177672a1a50, 0x00000177672a2220, 0x000001776028e820,
0x0000017760290760, 0x0000017760947f90, 0x000001774f2dced0, 0x0000017767039070,
0x00000177670388a0, 0x000001774f8817f0, 0x000001774f881fc0, 0x0000017767039840,
0x0000017754a2f890, 0x0000017769896d70, 0x00000177490710a0, 0x0000017769f21af0,
0x0000017748cb9060
}

Java Threads: ( => current thread )
  0x00000177216e9db0 JavaThread "main"                              [_thread_blocked, id=1516, stack(0x000000281fb00000,0x000000281fc00000) (1024K)]
  0x000001773eb03720 JavaThread "Reference Handler"          daemon [_thread_blocked, id=26640, stack(0x0000002820300000,0x0000002820400000) (1024K)]
  0x000001773eb04d00 JavaThread "Finalizer"                  daemon [_thread_blocked, id=21424, stack(0x0000002820400000,0x0000002820500000) (1024K)]
  0x000001773eb07990 JavaThread "Signal Dispatcher"          daemon [_thread_blocked, id=13472, stack(0x0000002820500000,0x0000002820600000) (1024K)]
  0x000001773eb096b0 JavaThread "Attach Listener"            daemon [_thread_blocked, id=17656, stack(0x0000002820600000,0x0000002820700000) (1024K)]
  0x000001773eb0cac0 JavaThread "Service Thread"             daemon [_thread_blocked, id=31280, stack(0x0000002820700000,0x0000002820800000) (1024K)]
  0x000001773eb0f690 JavaThread "Monitor Deflation Thread"   daemon [_thread_blocked, id=2664, stack(0x0000002820800000,0x0000002820900000) (1024K)]
  0x000001773eb13c70 JavaThread "C2 CompilerThread0"         daemon [_thread_in_native, id=32432, stack(0x0000002820900000,0x0000002820a00000) (1024K)]
  0x000001773eb149b0 JavaThread "C1 CompilerThread0"         daemon [_thread_blocked, id=23248, stack(0x0000002820a00000,0x0000002820b00000) (1024K)]
  0x00000177431707e0 JavaThread "Common-Cleaner"             daemon [_thread_blocked, id=7652, stack(0x0000002820b00000,0x0000002820c00000) (1024K)]
  0x000001774322aa30 JavaThread "Notification Thread"        daemon [_thread_blocked, id=13196, stack(0x0000002820c00000,0x0000002820d00000) (1024K)]
  0x0000017743e68520 JavaThread "Daemon health stats"               [_thread_blocked, id=31996, stack(0x000000281fa00000,0x000000281fb00000) (1024K)]
  0x00000177454ac020 JavaThread "Incoming local TCP Connector on port 58098"        [_thread_in_native, id=35440, stack(0x0000002821000000,0x0000002821100000) (1024K)]
  0x00000177446c17f0 JavaThread "Daemon periodic checks"            [_thread_blocked, id=31512, stack(0x0000002821100000,0x0000002821200000) (1024K)]
  0x0000017745275040 JavaThread "Cache worker for journal cache (C:\Users\Ashwin Prakash\.gradle\caches\journal-1)"        [_thread_blocked, id=32864, stack(0x0000002821f00000,0x0000002822000000) (1024K)]
  0x0000017745277750 JavaThread "File lock request listener"        [_thread_in_native, id=9904, stack(0x0000002822000000,0x0000002822100000) (1024K)]
  0x00000177452767b0 JavaThread "Cache worker for file hash cache (C:\Users\Ashwin Prakash\.gradle\caches\9.6.0\fileHashes)"        [_thread_blocked, id=26680, stack(0x0000002822100000,0x0000002822200000) (1024K)]
  0x00000177459c4a80 JavaThread "Cache worker for file content cache (C:\Users\Ashwin Prakash\.gradle\caches\9.6.0\fileContent)"        [_thread_blocked, id=1004, stack(0x0000002822700000,0x0000002822800000) (1024K)]
  0x00000177459c2b40 JavaThread "File watcher server"        daemon [_thread_in_native, id=32452, stack(0x0000002822800000,0x0000002822900000) (1024K)]
  0x00000177459c8130 JavaThread "File watcher consumer"      daemon [_thread_blocked, id=32036, stack(0x0000002822900000,0x0000002822a00000) (1024K)]
  0x0000017747119be0 JavaThread "Memory manager"                    [_thread_blocked, id=8236, stack(0x0000002823900000,0x0000002823a00000) (1024K)]
  0x0000017748a59c70 JavaThread "RMI Scheduler(0)"           daemon [_thread_blocked, id=38484, stack(0x0000002824a00000,0x0000002824b00000) (1024K)]
  0x0000017748a5bbb0 JavaThread "RMI GC Daemon"              daemon [_thread_blocked, id=33828, stack(0x0000002824c00000,0x0000002824d00000) (1024K)]
  0x0000017748a5c380 JavaThread "RMI TCP Accept-0"           daemon [_thread_in_native, id=15420, stack(0x0000002824d00000,0x0000002824e00000) (1024K)]
  0x0000017748ca3830 JavaThread "RMI Reaper"                        [_thread_blocked, id=4364, stack(0x0000002824e00000,0x0000002824f00000) (1024K)]
  0x000001774e040970 JavaThread "DefaultDispatcher-worker-1" daemon [_thread_blocked, id=26148, stack(0x0000002824900000,0x0000002824a00000) (1024K)]
  0x000001774e0428b0 JavaThread "DefaultDispatcher-worker-2" daemon [_thread_blocked, id=8356, stack(0x0000002826e00000,0x0000002826f00000) (1024K)]
  0x000001774ecc89a0 JavaThread "DefaultDispatcher-worker-3" daemon [_thread_blocked, id=22160, stack(0x0000002826f00000,0x0000002827000000) (1024K)]
  0x000001774f2cdca0 JavaThread "Periodic tasks thread"      daemon [_thread_blocked, id=38600, stack(0x0000002826900000,0x0000002826a00000) (1024K)]
  0x000001774f2d22f0 JavaThread "ApplicationImpl pooled thread 1"        [_thread_blocked, id=30824, stack(0x0000002827a00000,0x0000002827b00000) (1024K)]
  0x000001774f2cfbe0 JavaThread "Java2D Disposer"            daemon [_thread_blocked, id=34152, stack(0x0000002824700000,0x0000002824800000) (1024K)]
  0x000001774f2d4a00 JavaThread "AWT-Windows"                daemon [_thread_in_native, id=1772, stack(0x0000002827d00000,0x0000002827e00000) (1024K)]
  0x000001774711c2f0 JavaThread "DefaultDispatcher-worker-4" daemon [_thread_blocked, id=19764, stack(0x0000002825b00000,0x0000002825c00000) (1024K)]
  0x000001774711ea00 JavaThread "DefaultDispatcher-worker-5" daemon [_thread_blocked, id=34452, stack(0x0000002825c00000,0x0000002825d00000) (1024K)]
  0x000001774ef23710 JavaThread "jar transforms"                    [_thread_blocked, id=23256, stack(0x0000002824f00000,0x0000002825000000) (1024K)]
  0x000001774ef20830 JavaThread "jar transforms Thread 2"           [_thread_blocked, id=15628, stack(0x0000002825100000,0x0000002825200000) (1024K)]
  0x000001774ef22770 JavaThread "jar transforms Thread 3"           [_thread_blocked, id=12744, stack(0x0000002826100000,0x0000002826200000) (1024K)]
  0x000001774ef22f40 JavaThread "jar transforms Thread 4"           [_thread_blocked, id=12916, stack(0x0000002827000000,0x0000002827100000) (1024K)]
  0x000001774ef21000 JavaThread "jar transforms Thread 5"           [_thread_blocked, id=7324, stack(0x0000002827100000,0x0000002827200000) (1024K)]
  0x000001774ef21fa0 JavaThread "jar transforms Thread 6"           [_thread_blocked, id=30348, stack(0x0000002827300000,0x0000002827400000) (1024K)]
  0x000001775e4d2650 JavaThread "jar transforms Thread 7"           [_thread_blocked, id=31152, stack(0x0000002827400000,0x0000002827500000) (1024K)]
  0x000001775e4d0710 JavaThread "jar transforms Thread 8"           [_thread_blocked, id=33604, stack(0x0000002827500000,0x0000002827600000) (1024K)]
  0x000001775e4cefa0 JavaThread "jar transforms Thread 9"           [_thread_blocked, id=31816, stack(0x0000002827600000,0x0000002827700000) (1024K)]
  0x000001775e4cf770 JavaThread "jar transforms Thread 10"          [_thread_blocked, id=27904, stack(0x0000002827700000,0x0000002827800000) (1024K)]
  0x000001775e4d16b0 JavaThread "jar transforms Thread 11"          [_thread_blocked, id=33340, stack(0x0000002827800000,0x0000002827900000) (1024K)]
  0x000001775e4d0ee0 JavaThread "jar transforms Thread 12"          [_thread_blocked, id=37600, stack(0x0000002827900000,0x0000002827a00000) (1024K)]
  0x000001775f4417d0 JavaThread "Daemon Thread 6"                   [_thread_blocked, id=21812, stack(0x000000281f800000,0x000000281f900000) (1024K)]
  0x000001775ff476b0 JavaThread "Daemon worker Thread 6"            [_thread_blocked, id=37308, stack(0x0000002821300000,0x0000002821400000) (1024K)]
  0x0000017767cf3c20 JavaThread "RMI TCP Connection(idle)"   daemon [_thread_blocked, id=19920, stack(0x0000002825200000,0x0000002825300000) (1024K)]
  0x000001775e2b0160 JavaThread "RMI TCP Connection(idle)"   daemon [_thread_blocked, id=37332, stack(0x0000002825700000,0x0000002825800000) (1024K)]
  0x000001776028eff0 JavaThread "RMI TCP Connection(idle)"   daemon [_thread_blocked, id=23436, stack(0x0000002825900000,0x0000002825a00000) (1024K)]
  0x0000017769165500 JavaThread "Exec process Thread 21"            [_thread_blocked, id=26736, stack(0x0000002826400000,0x0000002826500000) (1024K)]
  0x00000177688c5830 JavaThread "Exec process Thread 22"            [_thread_blocked, id=6388, stack(0x0000002826600000,0x0000002826700000) (1024K)]
  0x00000177688c67d0 JavaThread "Exec process Thread 23"            [_thread_blocked, id=9884, stack(0x0000002826700000,0x0000002826800000) (1024K)]
  0x00000177688c7770 JavaThread "Exec process Thread 24"            [_thread_blocked, id=18408, stack(0x0000002826800000,0x0000002826900000) (1024K)]
  0x000001774f2cf410 JavaThread "VFS cleanup Thread 10"             [_thread_blocked, id=22532, stack(0x000000281f900000,0x000000281fa00000) (1024K)]
  0x000001776a7f0cd0 JavaThread "Handler for socket connection from /127.0.0.1:58098 to /127.0.0.1:65373"        [_thread_in_native, id=14056, stack(0x0000002821500000,0x0000002821600000) (1024K)]
  0x000001775f2e3a10 JavaThread "Cancel handler"                    [_thread_blocked, id=35404, stack(0x0000002821600000,0x0000002821700000) (1024K)]
  0x000001775f2e22a0 JavaThread "Asynchronous log dispatcher for DefaultDaemonConnection: socket connection from /127.0.0.1:58098 to /127.0.0.1:65373"        [_thread_blocked, id=24328, stack(0x0000002821700000,0x0000002821800000) (1024K)]
  0x000001775f2e2a70 JavaThread "Stdin handler"                     [_thread_blocked, id=23188, stack(0x0000002821800000,0x0000002821900000) (1024K)]
  0x000001775e2ad280 JavaThread "Daemon client event forwarder"        [_thread_blocked, id=5040, stack(0x0000002822400000,0x0000002822500000) (1024K)]
  0x000001775fe25330 JavaThread "Cache worker for file hash cache (E:\deepsight\android\.gradle\9.6.0\fileHashes)"        [_thread_blocked, id=37968, stack(0x0000002822500000,0x0000002822600000) (1024K)]
  0x000001775e2ada50 JavaThread "Cache worker for checksums cache (E:\deepsight\android\.gradle\9.6.0\checksums)"        [_thread_blocked, id=18772, stack(0x0000002822600000,0x0000002822700000) (1024K)]
  0x000001775e2ae220 JavaThread "Cache worker for Build Output Cleanup Cache (E:\deepsight\android\.gradle\buildOutputCleanup)"        [_thread_blocked, id=21000, stack(0x0000002822a00000,0x0000002822b00000) (1024K)]
  0x0000017768789ef0 JavaThread "Cache worker for cache directory md-supplier (C:\Users\Ashwin Prakash\.gradle\caches\9.6.0\md-supplier)"        [_thread_blocked, id=33716, stack(0x0000002822b00000,0x0000002822c00000) (1024K)]
  0x000001776878a6c0 JavaThread "Cache worker for cache directory md-rule (C:\Users\Ashwin Prakash\.gradle\caches\9.6.0\md-rule)"        [_thread_blocked, id=7248, stack(0x0000002822c00000,0x0000002822d00000) (1024K)]
  0x0000017768788f50 JavaThread "Build operations"                  [_thread_blocked, id=35644, stack(0x0000002822d00000,0x0000002822e00000) (1024K)]
  0x000001776878ae90 JavaThread "Build operations Thread 2"         [_thread_blocked, id=27472, stack(0x0000002822e00000,0x0000002822f00000) (1024K)]
  0x000001775e2ae9f0 JavaThread "Configuration cache report writer"        [_thread_blocked, id=16952, stack(0x0000002822f00000,0x0000002823000000) (1024K)]
  0x000001776a0387e0 JavaThread "Build operations Thread 3"         [_thread_blocked, id=3848, stack(0x0000002823000000,0x0000002823100000) (1024K)]
  0x000001776a035900 JavaThread "Build operations Thread 4"         [_thread_blocked, id=11060, stack(0x0000002823100000,0x0000002823200000) (1024K)]
  0x000001776a038010 JavaThread "Build operations Thread 5"         [_thread_blocked, id=13684, stack(0x0000002823200000,0x0000002823300000) (1024K)]
  0x000001776a038fb0 JavaThread "Build operations Thread 6"         [_thread_blocked, id=10676, stack(0x0000002823300000,0x0000002823400000) (1024K)]
  0x000001776a0360d0 JavaThread "Build operations Thread 7"         [_thread_blocked, id=3100, stack(0x0000002823400000,0x0000002823500000) (1024K)]
  0x000001776a037070 JavaThread "Build operations Thread 8"         [_thread_blocked, id=34336, stack(0x0000002823500000,0x0000002823600000) (1024K)]
  0x000001776a037840 JavaThread "Build operations Thread 9"         [_thread_blocked, id=32988, stack(0x0000002823600000,0x0000002823700000) (1024K)]
  0x0000017761e12920 JavaThread "Build operations Thread 10"        [_thread_blocked, id=37660, stack(0x0000002823700000,0x0000002823800000) (1024K)]
  0x0000017761e130f0 JavaThread "Build operations Thread 11"        [_thread_blocked, id=33184, stack(0x0000002823800000,0x0000002823900000) (1024K)]
  0x0000017761e12150 JavaThread "Build operations Thread 12"        [_thread_blocked, id=4284, stack(0x0000002823a00000,0x0000002823b00000) (1024K)]
  0x0000017761e138c0 JavaThread "build event listener"              [_thread_blocked, id=6676, stack(0x0000002823b00000,0x0000002823c00000) (1024K)]
  0x0000017761e14860 JavaThread "Problems report writer"            [_thread_blocked, id=24336, stack(0x0000002823c00000,0x0000002823d00000) (1024K)]
  0x0000017768b21b60 JavaThread "included builds"                   [_thread_blocked, id=17748, stack(0x0000002823e00000,0x0000002823f00000) (1024K)]
  0x0000017768eee060 JavaThread "Execution worker"                  [_thread_blocked, id=25440, stack(0x0000002823f00000,0x0000002824000000) (1024K)]
  0x0000017768eef7d0 JavaThread "Execution worker Thread 2"         [_thread_blocked, id=29988, stack(0x0000002824000000,0x0000002824100000) (1024K)]
  0x0000017768eee830 JavaThread "Execution worker Thread 3"         [_thread_in_Java, id=2408, stack(0x0000002824100000,0x0000002824200000) (1024K)]
  0x0000017768eef000 JavaThread "Execution worker Thread 4"         [_thread_blocked, id=13636, stack(0x0000002824200000,0x0000002824300000) (1024K)]
  0x000001774fd15850 JavaThread "Execution worker Thread 5"         [_thread_blocked, id=400, stack(0x0000002824300000,0x0000002824400000) (1024K)]
  0x000001774fd16020 JavaThread "Execution worker Thread 6"         [_thread_blocked, id=34396, stack(0x0000002824400000,0x0000002824500000) (1024K)]
  0x000001774fd167f0 JavaThread "Execution worker Thread 7"         [_thread_blocked, id=5008, stack(0x0000002824500000,0x0000002824600000) (1024K)]
  0x000001774fd16fc0 JavaThread "Execution worker Thread 8"         [_thread_blocked, id=10816, stack(0x0000002824600000,0x0000002824700000) (1024K)]
  0x0000017747628830 JavaThread "Execution worker Thread 9"         [_thread_blocked, id=25660, stack(0x0000002824800000,0x0000002824900000) (1024K)]
  0x00000177476297d0 JavaThread "Execution worker Thread 10"        [_thread_blocked, id=29836, stack(0x0000002824b00000,0x0000002824c00000) (1024K)]
  0x0000017747629000 JavaThread "Execution worker Thread 11"        [_thread_blocked, id=22708, stack(0x0000002825000000,0x0000002825100000) (1024K)]
  0x0000017746696700 JavaThread "Cache worker for execution history cache (E:\deepsight\android\.gradle\9.6.0\executionHistory)"        [_thread_blocked, id=36876, stack(0x0000002825300000,0x0000002825400000) (1024K)]
  0x000001775fbef180 JavaThread "WorkerExecutor Queue"              [_thread_blocked, id=5492, stack(0x0000002825400000,0x0000002825500000) (1024K)]
  0x000001775fbed240 JavaThread "WorkerExecutor Queue Thread 2"        [_thread_blocked, id=36104, stack(0x0000002825500000,0x0000002825600000) (1024K)]
  0x000001775ff48650 JavaThread "WorkerExecutor Queue Thread 3"        [_thread_blocked, id=37148, stack(0x0000002825600000,0x0000002825700000) (1024K)]
  0x0000017749071870 JavaThread "WorkerExecutor Queue Thread 4"        [_thread_blocked, id=12912, stack(0x0000002825800000,0x0000002825900000) (1024K)]
  0x0000017746696ed0 JavaThread "WorkerExecutor Queue Thread 6"        [_thread_blocked, id=28552, stack(0x0000002825d00000,0x0000002825e00000) (1024K)]
  0x0000017768851440 JavaThread "WorkerExecutor Queue Thread 7"        [_thread_blocked, id=36144, stack(0x0000002825e00000,0x0000002825f00000) (1024K)]
  0x0000017768852bb0 JavaThread "WorkerExecutor Queue Thread 8"        [_thread_blocked, id=14464, stack(0x0000002825f00000,0x0000002826000000) (1024K)]
  0x00000177688504a0 JavaThread "WorkerExecutor Queue Thread 9"        [_thread_blocked, id=30836, stack(0x0000002826000000,0x0000002826100000) (1024K)]
  0x0000017754d07af0 JavaThread "WorkerExecutor Queue Thread 10"        [_thread_blocked, id=38748, stack(0x0000002826200000,0x0000002826300000) (1024K)]
  0x0000017754d04440 JavaThread "WorkerExecutor Queue Thread 11"        [_thread_blocked, id=2376, stack(0x0000002826300000,0x0000002826400000) (1024K)]
  0x000001774eb4d670 JavaThread "WorkerExecutor Queue Thread 12"        [_thread_blocked, id=7660, stack(0x0000002826500000,0x0000002826600000) (1024K)]
  0x000001774f519760 JavaThread "WorkerExecutor Queue Thread 14"        [_thread_blocked, id=24372, stack(0x0000002828400000,0x0000002828500000) (1024K)]
  0x0000017769895600 JavaThread "pool-88-thread-1"                  [_thread_blocked, id=5812, stack(0x0000002828500000,0x0000002828600000) (1024K)]
  0x00000177672a29f0 JavaThread "ForkJoinPool-3-worker-1"    daemon [_thread_blocked, id=5340, stack(0x0000002828600000,0x0000002828700000) (1024K)]
  0x00000177672a4930 JavaThread "ForkJoinPool-3-worker-2"    daemon [_thread_blocked, id=6420, stack(0x0000002828700000,0x0000002828800000) (1024K)]
  0x00000177466995e0 JavaThread "ForkJoinPool-3-worker-3"    daemon [_thread_blocked, id=29208, stack(0x0000002828800000,0x0000002828900000) (1024K)]
  0x00000177688d5e10 JavaThread "ForkJoinPool-3-worker-4"    daemon [_thread_blocked, id=22168, stack(0x0000002828900000,0x0000002828a00000) (1024K)]
  0x000001775eca0970 JavaThread "ForkJoinPool-3-worker-5"    daemon [_thread_blocked, id=31020, stack(0x0000002828a00000,0x0000002828b00000) (1024K)]
  0x00000177672a31c0 JavaThread "ForkJoinPool-3-worker-6"    daemon [_thread_blocked, id=37728, stack(0x0000002828b00000,0x0000002828c00000) (1024K)]
  0x00000177672a3990 JavaThread "ForkJoinPool-3-worker-7"    daemon [_thread_blocked, id=30188, stack(0x0000002828c00000,0x0000002828d00000) (1024K)]
  0x000001774f881020 JavaThread "ForkJoinPool-3-worker-8"    daemon [_thread_blocked, id=38792, stack(0x0000002828d00000,0x0000002828e00000) (1024K)]
  0x000001776801e380 JavaThread "ForkJoinPool-3-worker-9"    daemon [_thread_blocked, id=1304, stack(0x0000002828e00000,0x0000002828f00000) (1024K)]
  0x00000177430d9430 JavaThread "ForkJoinPool-3-worker-10"   daemon [_thread_blocked, id=33948, stack(0x0000002828f00000,0x0000002829000000) (1024K)]
  0x00000177672a1a50 JavaThread "ForkJoinPool-3-worker-11"   daemon [_thread_blocked, id=11292, stack(0x0000002829000000,0x0000002829100000) (1024K)]
  0x00000177672a2220 JavaThread "ForkJoinPool-3-worker-12"   daemon [_thread_blocked, id=38564, stack(0x0000002829100000,0x0000002829200000) (1024K)]
=>0x000001776028e820 JavaThread "ForkJoinPool.commonPool-worker-53" daemon [_thread_in_vm, id=31436, stack(0x0000002826a00000,0x0000002826b00000) (1024K)]
  0x0000017760290760 JavaThread "ForkJoinPool.commonPool-worker-54" daemon [_thread_blocked, id=37156, stack(0x0000002826b00000,0x0000002826c00000) (1024K)]
  0x0000017760947f90 JavaThread "ForkJoinPool.commonPool-worker-55" daemon [_thread_blocked, id=8552, stack(0x0000002826c00000,0x0000002826d00000) (1024K)]
  0x000001774f2dced0 JavaThread "ForkJoinPool.commonPool-worker-56" daemon [_thread_blocked, id=5128, stack(0x0000002826d00000,0x0000002826e00000) (1024K)]
  0x0000017767039070 JavaThread "ForkJoinPool.commonPool-worker-57" daemon [_thread_blocked, id=28392, stack(0x0000002827200000,0x0000002827300000) (1024K)]
  0x00000177670388a0 JavaThread "ForkJoinPool.commonPool-worker-58" daemon [_thread_blocked, id=12928, stack(0x0000002827b00000,0x0000002827c00000) (1024K)]
  0x000001774f8817f0 JavaThread "ForkJoinPool.commonPool-worker-59" daemon [_thread_blocked, id=21708, stack(0x0000002827c00000,0x0000002827d00000) (1024K)]
  0x000001774f881fc0 JavaThread "ForkJoinPool.commonPool-worker-61" daemon [_thread_blocked, id=33384, stack(0x0000002827e00000,0x0000002827f00000) (1024K)]
  0x0000017767039840 JavaThread "ForkJoinPool.commonPool-worker-60" daemon [_thread_blocked, id=23460, stack(0x0000002827f00000,0x0000002828000000) (1024K)]
  0x0000017754a2f890 JavaThread "ForkJoinPool.commonPool-worker-63" daemon [_thread_blocked, id=28280, stack(0x0000002828000000,0x0000002828100000) (1024K)]
  0x0000017769896d70 JavaThread "ForkJoinPool.commonPool-worker-62" daemon [_thread_blocked, id=38584, stack(0x0000002828100000,0x0000002828200000) (1024K)]
  0x00000177490710a0 JavaThread "stderr"                            [_thread_in_native, id=21364, stack(0x0000002829300000,0x0000002829400000) (1024K)]
  0x0000017769f21af0 JavaThread "stdout"                            [_thread_in_native, id=18608, stack(0x0000002829400000,0x0000002829500000) (1024K)]
  0x0000017748cb9060 JavaThread "C2 CompilerThread1"         daemon [_thread_in_native, id=10172, stack(0x0000002823d00000,0x0000002823e00000) (1024K)]
Total: 133

Other Threads:
  0x000001773eaf0700 VMThread "VM Thread"                           [id=7356, stack(0x0000002820200000,0x0000002820300000) (1024K)]
  0x000001773eadb500 WatcherThread "VM Periodic Task Thread"        [id=6904, stack(0x0000002820100000,0x0000002820200000) (1024K)]
  0x0000017721748120 WorkerThread "GC Thread#0"                     [id=36136, stack(0x000000281fc00000,0x000000281fd00000) (1024K)]
  0x00000177437d95a0 WorkerThread "GC Thread#1"                     [id=37244, stack(0x0000002820d00000,0x0000002820e00000) (1024K)]
  0x00000177437d9de0 WorkerThread "GC Thread#2"                     [id=9844, stack(0x0000002820e00000,0x0000002820f00000) (1024K)]
  0x00000177437da210 WorkerThread "GC Thread#3"                     [id=5420, stack(0x0000002820f00000,0x0000002821000000) (1024K)]
  0x0000017744235ef0 WorkerThread "GC Thread#4"                     [id=3928, stack(0x0000002821900000,0x0000002821a00000) (1024K)]
  0x0000017744236790 WorkerThread "GC Thread#5"                     [id=23136, stack(0x0000002821a00000,0x0000002821b00000) (1024K)]
  0x0000017744237030 WorkerThread "GC Thread#6"                     [id=36008, stack(0x0000002821b00000,0x0000002821c00000) (1024K)]
  0x00000177442378d0 WorkerThread "GC Thread#7"                     [id=7072, stack(0x0000002821c00000,0x0000002821d00000) (1024K)]
  0x00000177442340c0 WorkerThread "GC Thread#8"                     [id=20932, stack(0x0000002821d00000,0x0000002821e00000) (1024K)]
  0x0000017744234510 WorkerThread "GC Thread#9"                     [id=3508, stack(0x0000002821e00000,0x0000002821f00000) (1024K)]
  0x0000017721763890 ConcurrentGCThread "G1 Main Marker"            [id=26792, stack(0x000000281fd00000,0x000000281fe00000) (1024K)]
  0x0000017721764430 WorkerThread "G1 Conc#0"                       [id=24352, stack(0x000000281fe00000,0x000000281ff00000) (1024K)]
  0x0000017744234db0 WorkerThread "G1 Conc#1"                       [id=11120, stack(0x0000002822200000,0x0000002822300000) (1024K)]
  0x0000017744234960 WorkerThread "G1 Conc#2"                       [id=27972, stack(0x0000002822300000,0x0000002822400000) (1024K)]
  0x000001772179e3b0 ConcurrentGCThread "G1 Refine#0"               [id=13708, stack(0x000000281ff00000,0x0000002820000000) (1024K)]
  0x000001773e9b09c0 ConcurrentGCThread "G1 Service"                [id=6324, stack(0x0000002820000000,0x0000002820100000) (1024K)]
Total: 18

Threads with active compile tasks:
C2 CompilerThread0  2659547 84172   !   4       com.android.tools.r8.graph.r1::<init> (346 bytes)
C2 CompilerThread1  2659547 84262       4       com.android.tools.r8.graph.w2::a (63 bytes)
Total: 2

VM state: not at safepoint (normal execution)

VM Mutex/Monitor currently owned by a thread:  ([mutex/lock_event])
[0x00007ff9bab59828] Heap_lock - owner thread: 0x000001776028e820

Heap address: 0x0000000080000000, size: 2048 MB, Compressed Oops mode: 32-bit

CDS archive(s) mapped at: [0x000000002a000000-0x000000002add0000-0x000000002add0000), size 14483456, SharedBaseAddress: 0x000000002a000000, ArchiveRelocationMode: 1.
Compressed class space mapped at: 0x000000002b000000-0x000000006b000000, reserved size: 1073741824
UseCompressedClassPointers 1, UseCompactObjectHeaders 0
Narrow klass pointer bits 32, Max shift 3
Narrow klass base: 0x000000002a000000, Narrow klass shift: 0
Encoding Range: [0x000000002a000000 - 0x000000012a000000), (4294967296 bytes)
Klass Range:    [0x000000002a010000 - 0x000000006b000000), (1090453504 bytes)
Klass ID Range:  [65536 - 1090519033) (1090453497)
Protection zone: [0x000000002a000000 - 0x000000002a010000), (65536 bytes)

GC Precious Log:
 CardTable entry size: 512
 Card Set container configuration: InlinePtr #cards 5 size 8 Array Of Cards #cards 10 size 36 Howl #buckets 4 coarsen threshold 1843 Howl Bitmap #cards 512 size 80 coarsen threshold 460 Card regions per heap region 1 cards per card region 2048
 CPUs: 12 total, 12 available
 Memory: 11995M
 Large Page Support: Disabled
 NUMA Support: Disabled
 Compressed Oops: Enabled (32-bit)
 Heap Region Size: 1M
 Heap Min Capacity: 8M
 Heap Initial Capacity: 188M
 Heap Max Capacity: 2G
 Pre-touch: Disabled
 Parallel Workers: 10
 Concurrent Workers: 3
 Concurrent Refinement Workers: 10
 Periodic GC: Disabled

Heap:
 garbage-first heap   total reserved 2097152K, committed 1234944K, used 1226098K [0x0000000080000000, 0x0000000100000000)
  region size 1024K, 169 young (173056K), 5 survivors (5120K)

Heap Regions: E=young(eden), S=young(survivor), O=old, HS=humongous(starts), HC=humongous(continues), CS=collection set, F=free, TAMS=top-at-mark-start, PB=parsable bottom
|   0|0x0000000080000000, 0x0000000080100000, 0x0000000080100000|100%|HS|  |TAMS 0x0000000080000000| PB 0x0000000080000000| Complete |  0
|   1|0x0000000080100000, 0x0000000080200000, 0x0000000080200000|100%|HC|  |TAMS 0x0000000080100000| PB 0x0000000080100000| Complete |  0
|   2|0x0000000080200000, 0x0000000080300000, 0x0000000080300000|100%|HC|  |TAMS 0x0000000080200000| PB 0x0000000080200000| Complete |  0
|   3|0x0000000080300000, 0x0000000080400000, 0x0000000080400000|100%|HC|  |TAMS 0x0000000080300000| PB 0x0000000080300000| Complete |  0
|   4|0x0000000080400000, 0x0000000080500000, 0x0000000080500000|100%| O|  |TAMS 0x0000000080400000| PB 0x0000000080400000| Untracked |  0
|   5|0x0000000080500000, 0x0000000080600000, 0x0000000080600000|100%| O|  |TAMS 0x0000000080500000| PB 0x0000000080500000| Untracked |  0
|   6|0x0000000080600000, 0x0000000080700000, 0x0000000080700000|100%|HS|  |TAMS 0x0000000080600000| PB 0x0000000080600000| Complete |  0
|   7|0x0000000080700000, 0x0000000080800000, 0x0000000080800000|100%| O|  |TAMS 0x0000000080700000| PB 0x0000000080700000| Untracked |  0
|   8|0x0000000080800000, 0x0000000080900000, 0x0000000080900000|100%| O|  |TAMS 0x0000000080800000| PB 0x0000000080800000| Untracked |  0
|   9|0x0000000080900000, 0x0000000080a00000, 0x0000000080a00000|100%| O|  |TAMS 0x0000000080900000| PB 0x0000000080900000| Untracked |  0
|  10|0x0000000080a00000, 0x0000000080b00000, 0x0000000080b00000|100%| O|  |TAMS 0x0000000080a00000| PB 0x0000000080a00000| Untracked |  0
|  11|0x0000000080b00000, 0x0000000080c00000, 0x0000000080c00000|100%| O|  |TAMS 0x0000000080b00000| PB 0x0000000080b00000| Untracked |  0
|  12|0x0000000080c00000, 0x0000000080d00000, 0x0000000080d00000|100%| O|  |TAMS 0x0000000080c00000| PB 0x0000000080c00000| Untracked |  0
|  13|0x0000000080d00000, 0x0000000080e00000, 0x0000000080e00000|100%| O|  |TAMS 0x0000000080d00000| PB 0x0000000080d00000| Untracked |  0
|  14|0x0000000080e00000, 0x0000000080f00000, 0x0000000080f00000|100%| O|  |TAMS 0x0000000080e00000| PB 0x0000000080e00000| Untracked |  0
|  15|0x0000000080f00000, 0x0000000081000000, 0x0000000081000000|100%| O|  |TAMS 0x0000000080f00000| PB 0x0000000080f00000| Untracked |  0
|  16|0x0000000081000000, 0x0000000081100000, 0x0000000081100000|100%| O|  |TAMS 0x0000000081000000| PB 0x0000000081000000| Untracked |  0
|  17|0x0000000081100000, 0x0000000081200000, 0x0000000081200000|100%| O|  |TAMS 0x0000000081100000| PB 0x0000000081100000| Untracked |  0
|  18|0x0000000081200000, 0x0000000081300000, 0x0000000081300000|100%| O|  |TAMS 0x0000000081200000| PB 0x0000000081200000| Untracked |  0
|  19|0x0000000081300000, 0x0000000081400000, 0x0000000081400000|100%| O|  |TAMS 0x0000000081300000| PB 0x0000000081300000| Untracked |  0
|  20|0x0000000081400000, 0x0000000081500000, 0x0000000081500000|100%|HS|  |TAMS 0x0000000081400000| PB 0x0000000081400000| Complete |  0
|  21|0x0000000081500000, 0x0000000081600000, 0x0000000081600000|100%| O|  |TAMS 0x0000000081500000| PB 0x0000000081500000| Untracked |  0
|  22|0x0000000081600000, 0x0000000081700000, 0x0000000081700000|100%| O|  |TAMS 0x0000000081600000| PB 0x0000000081600000| Untracked |  0
|  23|0x0000000081700000, 0x0000000081800000, 0x0000000081800000|100%| O|  |TAMS 0x0000000081700000| PB 0x0000000081700000| Untracked |  0
|  24|0x0000000081800000, 0x0000000081900000, 0x0000000081900000|100%| O|  |TAMS 0x0000000081800000| PB 0x0000000081800000| Untracked |  0
|  25|0x0000000081900000, 0x0000000081a00000, 0x0000000081a00000|100%| O|  |TAMS 0x0000000081900000| PB 0x0000000081900000| Untracked |  0
|  26|0x0000000081a00000, 0x0000000081b00000, 0x0000000081b00000|100%| O|  |TAMS 0x0000000081a00000| PB 0x0000000081a00000| Untracked |  0
|  27|0x0000000081b00000, 0x0000000081c00000, 0x0000000081c00000|100%| O|  |TAMS 0x0000000081b00000| PB 0x0000000081b00000| Untracked |  0
|  28|0x0000000081c00000, 0x0000000081d00000, 0x0000000081d00000|100%| O|  |TAMS 0x0000000081c00000| PB 0x0000000081c00000| Untracked |  0
|  29|0x0000000081d00000, 0x0000000081e00000, 0x0000000081e00000|100%| O|  |TAMS 0x0000000081d00000| PB 0x0000000081d00000| Untracked |  0
|  30|0x0000000081e00000, 0x0000000081f00000, 0x0000000081f00000|100%| O|  |TAMS 0x0000000081e00000| PB 0x0000000081e00000| Untracked |  0
|  31|0x0000000081f00000, 0x0000000082000000, 0x0000000082000000|100%| O|  |TAMS 0x0000000081f00000| PB 0x0000000081f00000| Untracked |  0
|  32|0x0000000082000000, 0x0000000082100000, 0x0000000082100000|100%| O|  |TAMS 0x0000000082000000| PB 0x0000000082000000| Untracked |  0
|  33|0x0000000082100000, 0x0000000082200000, 0x0000000082200000|100%| O|  |TAMS 0x0000000082100000| PB 0x0000000082100000| Untracked |  0
|  34|0x0000000082200000, 0x0000000082300000, 0x0000000082300000|100%| O|  |TAMS 0x0000000082200000| PB 0x0000000082200000| Untracked |  0
|  35|0x0000000082300000, 0x0000000082400000, 0x0000000082400000|100%| O|  |TAMS 0x0000000082300000| PB 0x0000000082300000| Untracked |  0
|  36|0x0000000082400000, 0x0000000082500000, 0x0000000082500000|100%| O|  |TAMS 0x0000000082400000| PB 0x0000000082400000| Untracked |  0
|  37|0x0000000082500000, 0x0000000082600000, 0x0000000082600000|100%| O|  |TAMS 0x0000000082500000| PB 0x0000000082500000| Untracked |  0
|  38|0x0000000082600000, 0x0000000082700000, 0x0000000082700000|100%| O|  |TAMS 0x0000000082600000| PB 0x0000000082600000| Untracked |  0
|  39|0x0000000082700000, 0x0000000082800000, 0x0000000082800000|100%| O|  |TAMS 0x0000000082700000| PB 0x0000000082700000| Untracked |  0
|  40|0x0000000082800000, 0x0000000082900000, 0x0000000082900000|100%| O|  |TAMS 0x0000000082800000| PB 0x0000000082800000| Untracked |  0
|  41|0x0000000082900000, 0x0000000082a00000, 0x0000000082a00000|100%| O|  |TAMS 0x0000000082900000| PB 0x0000000082900000| Untracked |  0
|  42|0x0000000082a00000, 0x0000000082b00000, 0x0000000082b00000|100%| O|  |TAMS 0x0000000082a00000| PB 0x0000000082a00000| Untracked |  0
|  43|0x0000000082b00000, 0x0000000082c00000, 0x0000000082c00000|100%|HS|  |TAMS 0x0000000082b00000| PB 0x0000000082b00000| Complete |  0
|  44|0x0000000082c00000, 0x0000000082d00000, 0x0000000082d00000|100%| O|  |TAMS 0x0000000082c00000| PB 0x0000000082c00000| Untracked |  0
|  45|0x0000000082d00000, 0x0000000082e00000, 0x0000000082e00000|100%| O|  |TAMS 0x0000000082d00000| PB 0x0000000082d00000| Untracked |  0
|  46|0x0000000082e00000, 0x0000000082f00000, 0x0000000082f00000|100%|HS|  |TAMS 0x0000000082e00000| PB 0x0000000082e00000| Complete |  0
|  47|0x0000000082f00000, 0x0000000083000000, 0x0000000083000000|100%|HS|  |TAMS 0x0000000082f00000| PB 0x0000000082f00000| Complete |  0
|  48|0x0000000083000000, 0x0000000083100000, 0x0000000083100000|100%|HC|  |TAMS 0x0000000083000000| PB 0x0000000083000000| Complete |  0
|  49|0x0000000083100000, 0x0000000083200000, 0x0000000083200000|100%|HS|  |TAMS 0x0000000083100000| PB 0x0000000083100000| Complete |  0
|  50|0x0000000083200000, 0x0000000083300000, 0x0000000083300000|100%|HS|  |TAMS 0x0000000083200000| PB 0x0000000083200000| Complete |  0
|  51|0x0000000083300000, 0x0000000083400000, 0x0000000083400000|100%|HS|  |TAMS 0x0000000083300000| PB 0x0000000083300000| Complete |  0
|  52|0x0000000083400000, 0x0000000083500000, 0x0000000083500000|100%| O|  |TAMS 0x0000000083400000| PB 0x0000000083400000| Untracked |  0
|  53|0x0000000083500000, 0x0000000083600000, 0x0000000083600000|100%|HS|  |TAMS 0x0000000083500000| PB 0x0000000083500000| Complete |  0
|  54|0x0000000083600000, 0x0000000083700000, 0x0000000083700000|100%|HS|  |TAMS 0x0000000083600000| PB 0x0000000083600000| Complete |  0
|  55|0x0000000083700000, 0x0000000083800000, 0x0000000083800000|100%|HS|  |TAMS 0x0000000083700000| PB 0x0000000083700000| Complete |  0
|  56|0x0000000083800000, 0x0000000083900000, 0x0000000083900000|100%| O|  |TAMS 0x0000000083800000| PB 0x0000000083800000| Untracked |  0
|  57|0x0000000083900000, 0x0000000083a00000, 0x0000000083a00000|100%| O|  |TAMS 0x0000000083900000| PB 0x0000000083900000| Untracked |  0
|  58|0x0000000083a00000, 0x0000000083b00000, 0x0000000083b00000|100%| O|  |TAMS 0x0000000083a00000| PB 0x0000000083a00000| Untracked |  0
|  59|0x0000000083b00000, 0x0000000083c00000, 0x0000000083c00000|100%| O|  |TAMS 0x0000000083b00000| PB 0x0000000083b00000| Untracked |  0
|  60|0x0000000083c00000, 0x0000000083d00000, 0x0000000083d00000|100%| O|  |TAMS 0x0000000083c00000| PB 0x0000000083c00000| Untracked |  0
|  61|0x0000000083d00000, 0x0000000083e00000, 0x0000000083e00000|100%|HS|  |TAMS 0x0000000083d00000| PB 0x0000000083d00000| Complete |  0
|  62|0x0000000083e00000, 0x0000000083f00000, 0x0000000083f00000|100%|HC|  |TAMS 0x0000000083e00000| PB 0x0000000083e00000| Complete |  0
|  63|0x0000000083f00000, 0x0000000084000000, 0x0000000084000000|100%| O|  |TAMS 0x0000000083f00000| PB 0x0000000083f00000| Untracked |  0
|  64|0x0000000084000000, 0x0000000084100000, 0x0000000084100000|100%| O|  |TAMS 0x0000000084000000| PB 0x0000000084000000| Untracked |  0
|  65|0x0000000084100000, 0x0000000084200000, 0x0000000084200000|100%| O|  |TAMS 0x0000000084100000| PB 0x0000000084100000| Untracked |  0
|  66|0x0000000084200000, 0x0000000084300000, 0x0000000084300000|100%| O|  |TAMS 0x0000000084200000| PB 0x0000000084200000| Untracked |  0
|  67|0x0000000084300000, 0x0000000084400000, 0x0000000084400000|100%|HS|  |TAMS 0x0000000084300000| PB 0x0000000084300000| Complete |  0
|  68|0x0000000084400000, 0x0000000084500000, 0x0000000084500000|100%| O|  |TAMS 0x0000000084400000| PB 0x0000000084400000| Untracked |  0
|  69|0x0000000084500000, 0x0000000084600000, 0x0000000084600000|100%| O|  |TAMS 0x0000000084500000| PB 0x0000000084500000| Untracked |  0
|  70|0x0000000084600000, 0x0000000084700000, 0x0000000084700000|100%| O|  |TAMS 0x0000000084600000| PB 0x0000000084600000| Untracked |  0
|  71|0x0000000084700000, 0x0000000084800000, 0x0000000084800000|100%| O|  |TAMS 0x0000000084700000| PB 0x0000000084700000| Untracked |  0
|  72|0x0000000084800000, 0x0000000084900000, 0x0000000084900000|100%| O|  |TAMS 0x0000000084800000| PB 0x0000000084800000| Untracked |  0
|  73|0x0000000084900000, 0x0000000084a00000, 0x0000000084a00000|100%| O|  |TAMS 0x0000000084900000| PB 0x0000000084900000| Untracked |  0
|  74|0x0000000084a00000, 0x0000000084b00000, 0x0000000084b00000|100%| O|  |TAMS 0x0000000084a00000| PB 0x0000000084a00000| Untracked |  0
|  75|0x0000000084b00000, 0x0000000084c00000, 0x0000000084c00000|100%| O|  |TAMS 0x0000000084b00000| PB 0x0000000084b00000| Untracked |  0
|  76|0x0000000084c00000, 0x0000000084d00000, 0x0000000084d00000|100%| O|  |TAMS 0x0000000084c00000| PB 0x0000000084c00000| Untracked |  0
|  77|0x0000000084d00000, 0x0000000084e00000, 0x0000000084e00000|100%| O|  |TAMS 0x0000000084d00000| PB 0x0000000084d00000| Untracked |  0
|  78|0x0000000084e00000, 0x0000000084f00000, 0x0000000084f00000|100%| O|  |TAMS 0x0000000084e00000| PB 0x0000000084e00000| Untracked |  0
|  79|0x0000000084f00000, 0x0000000085000000, 0x0000000085000000|100%| O|  |TAMS 0x0000000084f00000| PB 0x0000000084f00000| Untracked |  0
|  80|0x0000000085000000, 0x0000000085100000, 0x0000000085100000|100%| O|  |TAMS 0x0000000085000000| PB 0x0000000085000000| Untracked |  0
|  81|0x0000000085100000, 0x0000000085200000, 0x0000000085200000|100%| O|  |TAMS 0x0000000085100000| PB 0x0000000085100000| Untracked |  0
|  82|0x0000000085200000, 0x0000000085300000, 0x0000000085300000|100%| O|  |TAMS 0x0000000085200000| PB 0x0000000085200000| Untracked |  0
|  83|0x0000000085300000, 0x0000000085400000, 0x0000000085400000|100%| O|  |TAMS 0x0000000085300000| PB 0x0000000085300000| Untracked |  0
|  84|0x0000000085400000, 0x0000000085500000, 0x0000000085500000|100%| O|  |TAMS 0x0000000085400000| PB 0x0000000085400000| Untracked |  0
|  85|0x0000000085500000, 0x0000000085600000, 0x0000000085600000|100%| O|  |TAMS 0x0000000085500000| PB 0x0000000085500000| Untracked |  0
|  86|0x0000000085600000, 0x0000000085700000, 0x0000000085700000|100%| O|  |TAMS 0x0000000085600000| PB 0x0000000085600000| Untracked |  0
|  87|0x0000000085700000, 0x0000000085800000, 0x0000000085800000|100%| O|  |TAMS 0x0000000085700000| PB 0x0000000085700000| Untracked |  0
|  88|0x0000000085800000, 0x0000000085900000, 0x0000000085900000|100%| O|  |TAMS 0x0000000085800000| PB 0x0000000085800000| Untracked |  0
|  89|0x0000000085900000, 0x0000000085a00000, 0x0000000085a00000|100%| O|  |TAMS 0x0000000085900000| PB 0x0000000085900000| Untracked |  0
|  90|0x0000000085a00000, 0x0000000085b00000, 0x0000000085b00000|100%| O|  |TAMS 0x0000000085a00000| PB 0x0000000085a00000| Untracked |  0
|  91|0x0000000085b00000, 0x0000000085c00000, 0x0000000085c00000|100%| O|Cm|TAMS 0x0000000085b00000| PB 0x0000000085b00000| Complete |  0
|  92|0x0000000085c00000, 0x0000000085d00000, 0x0000000085d00000|100%| O|  |TAMS 0x0000000085c00000| PB 0x0000000085c00000| Untracked |  0
|  93|0x0000000085d00000, 0x0000000085e00000, 0x0000000085e00000|100%| O|  |TAMS 0x0000000085d00000| PB 0x0000000085d00000| Untracked |  0
|  94|0x0000000085e00000, 0x0000000085f00000, 0x0000000085f00000|100%| O|  |TAMS 0x0000000085e00000| PB 0x0000000085e00000| Untracked |  0
|  95|0x0000000085f00000, 0x0000000086000000, 0x0000000086000000|100%| O|  |TAMS 0x0000000085f00000| PB 0x0000000085f00000| Untracked |  0
|  96|0x0000000086000000, 0x0000000086100000, 0x0000000086100000|100%| O|  |TAMS 0x0000000086000000| PB 0x0000000086000000| Untracked |  0
|  97|0x0000000086100000, 0x0000000086200000, 0x0000000086200000|100%| O|Cm|TAMS 0x0000000086100000| PB 0x0000000086100000| Complete |  0
|  98|0x0000000086200000, 0x0000000086300000, 0x0000000086300000|100%| O|  |TAMS 0x0000000086200000| PB 0x0000000086200000| Untracked |  0
|  99|0x0000000086300000, 0x0000000086400000, 0x0000000086400000|100%| O|Cm|TAMS 0x0000000086300000| PB 0x0000000086300000| Complete |  0
| 100|0x0000000086400000, 0x0000000086500000, 0x0000000086500000|100%| O|  |TAMS 0x0000000086400000| PB 0x0000000086400000| Untracked |  0
| 101|0x0000000086500000, 0x0000000086600000, 0x0000000086600000|100%| O|  |TAMS 0x0000000086500000| PB 0x0000000086500000| Untracked |  0
| 102|0x0000000086600000, 0x0000000086700000, 0x0000000086700000|100%| O|  |TAMS 0x0000000086600000| PB 0x0000000086600000| Untracked |  0
| 103|0x0000000086700000, 0x0000000086800000, 0x0000000086800000|100%| O|  |TAMS 0x0000000086700000| PB 0x0000000086700000| Untracked |  0
| 104|0x0000000086800000, 0x0000000086900000, 0x0000000086900000|100%| O|  |TAMS 0x0000000086800000| PB 0x0000000086800000| Untracked |  0
| 105|0x0000000086900000, 0x0000000086a00000, 0x0000000086a00000|100%| O|  |TAMS 0x0000000086900000| PB 0x0000000086900000| Untracked |  0
| 106|0x0000000086a00000, 0x0000000086b00000, 0x0000000086b00000|100%| O|  |TAMS 0x0000000086a00000| PB 0x0000000086a00000| Untracked |  0
| 107|0x0000000086b00000, 0x0000000086c00000, 0x0000000086c00000|100%| O|  |TAMS 0x0000000086b00000| PB 0x0000000086b00000| Untracked |  0
| 108|0x0000000086c00000, 0x0000000086d00000, 0x0000000086d00000|100%| O|Cm|TAMS 0x0000000086c00000| PB 0x0000000086c00000| Complete |  0
| 109|0x0000000086d00000, 0x0000000086e00000, 0x0000000086e00000|100%| O|Cm|TAMS 0x0000000086d00000| PB 0x0000000086d00000| Complete |  0
| 110|0x0000000086e00000, 0x0000000086f00000, 0x0000000086f00000|100%| O|  |TAMS 0x0000000086e00000| PB 0x0000000086e00000| Untracked |  0
| 111|0x0000000086f00000, 0x0000000087000000, 0x0000000087000000|100%| O|  |TAMS 0x0000000086f00000| PB 0x0000000086f00000| Untracked |  0
| 112|0x0000000087000000, 0x0000000087100000, 0x0000000087100000|100%| O|  |TAMS 0x0000000087000000| PB 0x0000000087000000| Untracked |  0
| 113|0x0000000087100000, 0x0000000087200000, 0x0000000087200000|100%| O|  |TAMS 0x0000000087100000| PB 0x0000000087100000| Untracked |  0
| 114|0x0000000087200000, 0x0000000087300000, 0x0000000087300000|100%| O|  |TAMS 0x0000000087200000| PB 0x0000000087200000| Untracked |  0
| 115|0x0000000087300000, 0x0000000087400000, 0x0000000087400000|100%| O|  |TAMS 0x0000000087300000| PB 0x0000000087300000| Untracked |  0
| 116|0x0000000087400000, 0x0000000087500000, 0x0000000087500000|100%| O|  |TAMS 0x0000000087400000| PB 0x0000000087400000| Untracked |  0
| 117|0x0000000087500000, 0x0000000087600000, 0x0000000087600000|100%| O|  |TAMS 0x0000000087500000| PB 0x0000000087500000| Untracked |  0
| 118|0x0000000087600000, 0x0000000087700000, 0x0000000087700000|100%| O|  |TAMS 0x0000000087600000| PB 0x0000000087600000| Untracked |  0
| 119|0x0000000087700000, 0x0000000087800000, 0x0000000087800000|100%| O|  |TAMS 0x0000000087700000| PB 0x0000000087700000| Untracked |  0
| 120|0x0000000087800000, 0x0000000087900000, 0x0000000087900000|100%| O|Cm|TAMS 0x0000000087800000| PB 0x0000000087800000| Complete |  0
| 121|0x0000000087900000, 0x0000000087a00000, 0x0000000087a00000|100%| O|  |TAMS 0x0000000087900000| PB 0x0000000087900000| Untracked |  0
| 122|0x0000000087a00000, 0x0000000087b00000, 0x0000000087b00000|100%| O|  |TAMS 0x0000000087a00000| PB 0x0000000087a00000| Untracked |  0
| 123|0x0000000087b00000, 0x0000000087c00000, 0x0000000087c00000|100%| O|  |TAMS 0x0000000087b00000| PB 0x0000000087b00000| Untracked |  0
| 124|0x0000000087c00000, 0x0000000087d00000, 0x0000000087d00000|100%| O|  |TAMS 0x0000000087c00000| PB 0x0000000087c00000| Untracked |  0
| 125|0x0000000087d00000, 0x0000000087e00000, 0x0000000087e00000|100%| O|  |TAMS 0x0000000087d00000| PB 0x0000000087d00000| Untracked |  0
| 126|0x0000000087e00000, 0x0000000087f00000, 0x0000000087f00000|100%| O|  |TAMS 0x0000000087e00000| PB 0x0000000087e00000| Untracked |  0
| 127|0x0000000087f00000, 0x0000000088000000, 0x0000000088000000|100%| O|  |TAMS 0x0000000087f00000| PB 0x0000000087f00000| Untracked |  0
| 128|0x0000000088000000, 0x0000000088100000, 0x0000000088100000|100%| O|  |TAMS 0x0000000088000000| PB 0x0000000088000000| Untracked |  0
| 129|0x0000000088100000, 0x0000000088200000, 0x0000000088200000|100%| O|  |TAMS 0x0000000088100000| PB 0x0000000088100000| Untracked |  0
| 130|0x0000000088200000, 0x0000000088300000, 0x0000000088300000|100%| O|  |TAMS 0x0000000088200000| PB 0x0000000088200000| Untracked |  0
| 131|0x0000000088300000, 0x0000000088400000, 0x0000000088400000|100%| O|  |TAMS 0x0000000088300000| PB 0x0000000088300000| Untracked |  0
| 132|0x0000000088400000, 0x0000000088500000, 0x0000000088500000|100%| O|  |TAMS 0x0000000088400000| PB 0x0000000088400000| Untracked |  0
| 133|0x0000000088500000, 0x0000000088600000, 0x0000000088600000|100%| O|  |TAMS 0x0000000088500000| PB 0x0000000088500000| Untracked |  0
| 134|0x0000000088600000, 0x0000000088700000, 0x0000000088700000|100%| O|  |TAMS 0x0000000088600000| PB 0x0000000088600000| Untracked |  0
| 135|0x0000000088700000, 0x0000000088800000, 0x0000000088800000|100%| O|  |TAMS 0x0000000088700000| PB 0x0000000088700000| Untracked |  0
| 136|0x0000000088800000, 0x0000000088900000, 0x0000000088900000|100%|HS|  |TAMS 0x0000000088800000| PB 0x0000000088800000| Complete |  0
| 137|0x0000000088900000, 0x0000000088a00000, 0x0000000088a00000|100%|HC|  |TAMS 0x0000000088900000| PB 0x0000000088900000| Complete |  0
| 138|0x0000000088a00000, 0x0000000088b00000, 0x0000000088b00000|100%|HC|  |TAMS 0x0000000088a00000| PB 0x0000000088a00000| Complete |  0
| 139|0x0000000088b00000, 0x0000000088c00000, 0x0000000088c00000|100%| O|  |TAMS 0x0000000088b00000| PB 0x0000000088b00000| Untracked |  0
| 140|0x0000000088c00000, 0x0000000088d00000, 0x0000000088d00000|100%| O|  |TAMS 0x0000000088c00000| PB 0x0000000088c00000| Untracked |  0
| 141|0x0000000088d00000, 0x0000000088e00000, 0x0000000088e00000|100%| O|  |TAMS 0x0000000088d00000| PB 0x0000000088d00000| Untracked |  0
| 142|0x0000000088e00000, 0x0000000088f00000, 0x0000000088f00000|100%| O|  |TAMS 0x0000000088e00000| PB 0x0000000088e00000| Untracked |  0
| 143|0x0000000088f00000, 0x0000000089000000, 0x0000000089000000|100%| O|  |TAMS 0x0000000088f00000| PB 0x0000000088f00000| Untracked |  0
| 144|0x0000000089000000, 0x0000000089100000, 0x0000000089100000|100%| O|  |TAMS 0x0000000089000000| PB 0x0000000089000000| Untracked |  0
| 145|0x0000000089100000, 0x0000000089200000, 0x0000000089200000|100%| O|  |TAMS 0x0000000089100000| PB 0x0000000089100000| Untracked |  0
| 146|0x0000000089200000, 0x0000000089300000, 0x0000000089300000|100%| O|  |TAMS 0x0000000089200000| PB 0x0000000089200000| Untracked |  0
| 147|0x0000000089300000, 0x0000000089400000, 0x0000000089400000|100%| O|  |TAMS 0x0000000089300000| PB 0x0000000089300000| Untracked |  0
| 148|0x0000000089400000, 0x0000000089500000, 0x0000000089500000|100%| O|  |TAMS 0x0000000089400000| PB 0x0000000089400000| Untracked |  0
| 149|0x0000000089500000, 0x0000000089600000, 0x0000000089600000|100%| O|  |TAMS 0x0000000089500000| PB 0x0000000089500000| Untracked |  0
| 150|0x0000000089600000, 0x0000000089700000, 0x0000000089700000|100%|HS|  |TAMS 0x0000000089600000| PB 0x0000000089600000| Complete |  0
| 151|0x0000000089700000, 0x0000000089800000, 0x0000000089800000|100%|HC|  |TAMS 0x0000000089700000| PB 0x0000000089700000| Complete |  0
| 152|0x0000000089800000, 0x0000000089900000, 0x0000000089900000|100%|HC|  |TAMS 0x0000000089800000| PB 0x0000000089800000| Complete |  0
| 153|0x0000000089900000, 0x0000000089a00000, 0x0000000089a00000|100%|HC|  |TAMS 0x0000000089900000| PB 0x0000000089900000| Complete |  0
| 154|0x0000000089a00000, 0x0000000089b00000, 0x0000000089b00000|100%|HC|  |TAMS 0x0000000089a00000| PB 0x0000000089a00000| Complete |  0
| 155|0x0000000089b00000, 0x0000000089c00000, 0x0000000089c00000|100%| O|Cm|TAMS 0x0000000089b00000| PB 0x0000000089b00000| Complete |  0
| 156|0x0000000089c00000, 0x0000000089d00000, 0x0000000089d00000|100%| O|  |TAMS 0x0000000089c00000| PB 0x0000000089c00000| Untracked |  0
| 157|0x0000000089d00000, 0x0000000089e00000, 0x0000000089e00000|100%| O|  |TAMS 0x0000000089d00000| PB 0x0000000089d00000| Untracked |  0
| 158|0x0000000089e00000, 0x0000000089f00000, 0x0000000089f00000|100%|HS|  |TAMS 0x0000000089e00000| PB 0x0000000089e00000| Complete |  0
| 159|0x0000000089f00000, 0x000000008a000000, 0x000000008a000000|100%| O|  |TAMS 0x0000000089f00000| PB 0x0000000089f00000| Untracked |  0
| 160|0x000000008a000000, 0x000000008a100000, 0x000000008a100000|100%| O|  |TAMS 0x000000008a000000| PB 0x000000008a000000| Untracked |  0
| 161|0x000000008a100000, 0x000000008a200000, 0x000000008a200000|100%| O|  |TAMS 0x000000008a100000| PB 0x000000008a100000| Untracked |  0
| 162|0x000000008a200000, 0x000000008a300000, 0x000000008a300000|100%| O|  |TAMS 0x000000008a200000| PB 0x000000008a200000| Untracked |  0
| 163|0x000000008a300000, 0x000000008a400000, 0x000000008a400000|100%| O|  |TAMS 0x000000008a300000| PB 0x000000008a300000| Untracked |  0
| 164|0x000000008a400000, 0x000000008a500000, 0x000000008a500000|100%| O|  |TAMS 0x000000008a400000| PB 0x000000008a400000| Untracked |  0
| 165|0x000000008a500000, 0x000000008a600000, 0x000000008a600000|100%| O|  |TAMS 0x000000008a500000| PB 0x000000008a500000| Untracked |  0
| 166|0x000000008a600000, 0x000000008a700000, 0x000000008a700000|100%| O|  |TAMS 0x000000008a600000| PB 0x000000008a600000| Untracked |  0
| 167|0x000000008a700000, 0x000000008a800000, 0x000000008a800000|100%| O|  |TAMS 0x000000008a700000| PB 0x000000008a700000| Untracked |  0
| 168|0x000000008a800000, 0x000000008a900000, 0x000000008a900000|100%| O|  |TAMS 0x000000008a800000| PB 0x000000008a800000| Untracked |  0
| 169|0x000000008a900000, 0x000000008aa00000, 0x000000008aa00000|100%| O|Cm|TAMS 0x000000008a900000| PB 0x000000008a900000| Complete |  0
| 170|0x000000008aa00000, 0x000000008ab00000, 0x000000008ab00000|100%| O|  |TAMS 0x000000008aa00000| PB 0x000000008aa00000| Untracked |  0
| 171|0x000000008ab00000, 0x000000008ac00000, 0x000000008ac00000|100%| O|  |TAMS 0x000000008ab00000| PB 0x000000008ab00000| Untracked |  0
| 172|0x000000008ac00000, 0x000000008ad00000, 0x000000008ad00000|100%| O|Cm|TAMS 0x000000008ac00000| PB 0x000000008ac00000| Complete |  0
| 173|0x000000008ad00000, 0x000000008ae00000, 0x000000008ae00000|100%| O|  |TAMS 0x000000008ad00000| PB 0x000000008ad00000| Untracked |  0
| 174|0x000000008ae00000, 0x000000008af00000, 0x000000008af00000|100%| O|  |TAMS 0x000000008ae00000| PB 0x000000008ae00000| Untracked |  0
| 175|0x000000008af00000, 0x000000008b000000, 0x000000008b000000|100%| O|  |TAMS 0x000000008af00000| PB 0x000000008af00000| Untracked |  0
| 176|0x000000008b000000, 0x000000008b100000, 0x000000008b100000|100%| O|  |TAMS 0x000000008b000000| PB 0x000000008b000000| Untracked |  0
| 177|0x000000008b100000, 0x000000008b200000, 0x000000008b200000|100%| O|  |TAMS 0x000000008b100000| PB 0x000000008b100000| Untracked |  0
| 178|0x000000008b200000, 0x000000008b300000, 0x000000008b300000|100%| O|  |TAMS 0x000000008b200000| PB 0x000000008b200000| Untracked |  0
| 179|0x000000008b300000, 0x000000008b400000, 0x000000008b400000|100%| O|  |TAMS 0x000000008b300000| PB 0x000000008b300000| Untracked |  0
| 180|0x000000008b400000, 0x000000008b500000, 0x000000008b500000|100%| O|  |TAMS 0x000000008b400000| PB 0x000000008b400000| Untracked |  0
| 181|0x000000008b500000, 0x000000008b600000, 0x000000008b600000|100%| O|Cm|TAMS 0x000000008b500000| PB 0x000000008b500000| Complete |  0
| 182|0x000000008b600000, 0x000000008b700000, 0x000000008b700000|100%| O|  |TAMS 0x000000008b600000| PB 0x000000008b600000| Untracked |  0
| 183|0x000000008b700000, 0x000000008b800000, 0x000000008b800000|100%| O|Cm|TAMS 0x000000008b700000| PB 0x000000008b700000| Complete |  0
| 184|0x000000008b800000, 0x000000008b900000, 0x000000008b900000|100%|HS|  |TAMS 0x000000008b800000| PB 0x000000008b800000| Complete |  0
| 185|0x000000008b900000, 0x000000008ba00000, 0x000000008ba00000|100%| O|  |TAMS 0x000000008b900000| PB 0x000000008b900000| Untracked |  0
| 186|0x000000008ba00000, 0x000000008bb00000, 0x000000008bb00000|100%| O|  |TAMS 0x000000008ba00000| PB 0x000000008ba00000| Untracked |  0
| 187|0x000000008bb00000, 0x000000008bc00000, 0x000000008bc00000|100%| O|  |TAMS 0x000000008bb00000| PB 0x000000008bb00000| Untracked |  0
| 188|0x000000008bc00000, 0x000000008bd00000, 0x000000008bd00000|100%| O|  |TAMS 0x000000008bc00000| PB 0x000000008bc00000| Untracked |  0
| 189|0x000000008bd00000, 0x000000008be00000, 0x000000008be00000|100%| O|  |TAMS 0x000000008bd00000| PB 0x000000008bd00000| Untracked |  0
| 190|0x000000008be00000, 0x000000008bf00000, 0x000000008bf00000|100%| O|  |TAMS 0x000000008be00000| PB 0x000000008be00000| Untracked |  0
| 191|0x000000008bf00000, 0x000000008c000000, 0x000000008c000000|100%| O|Cm|TAMS 0x000000008bf00000| PB 0x000000008bf00000| Complete |  0
| 192|0x000000008c000000, 0x000000008c100000, 0x000000008c100000|100%| O|  |TAMS 0x000000008c000000| PB 0x000000008c000000| Untracked |  0
| 193|0x000000008c100000, 0x000000008c200000, 0x000000008c200000|100%| O|Cm|TAMS 0x000000008c100000| PB 0x000000008c100000| Complete |  0
| 194|0x000000008c200000, 0x000000008c300000, 0x000000008c300000|100%| O|  |TAMS 0x000000008c200000| PB 0x000000008c200000| Untracked |  0
| 195|0x000000008c300000, 0x000000008c400000, 0x000000008c400000|100%| O|  |TAMS 0x000000008c300000| PB 0x000000008c300000| Untracked |  0
| 196|0x000000008c400000, 0x000000008c500000, 0x000000008c500000|100%| O|  |TAMS 0x000000008c400000| PB 0x000000008c400000| Untracked |  0
| 197|0x000000008c500000, 0x000000008c600000, 0x000000008c600000|100%| O|  |TAMS 0x000000008c500000| PB 0x000000008c500000| Untracked |  0
| 198|0x000000008c600000, 0x000000008c700000, 0x000000008c700000|100%| O|Cm|TAMS 0x000000008c600000| PB 0x000000008c600000| Complete |  0
| 199|0x000000008c700000, 0x000000008c800000, 0x000000008c800000|100%| O|  |TAMS 0x000000008c700000| PB 0x000000008c700000| Untracked |  0
| 200|0x000000008c800000, 0x000000008c900000, 0x000000008c900000|100%| O|  |TAMS 0x000000008c800000| PB 0x000000008c800000| Untracked |  0
| 201|0x000000008c900000, 0x000000008ca00000, 0x000000008ca00000|100%| O|  |TAMS 0x000000008c900000| PB 0x000000008c900000| Untracked |  0
| 202|0x000000008ca00000, 0x000000008cb00000, 0x000000008cb00000|100%| O|  |TAMS 0x000000008ca00000| PB 0x000000008ca00000| Untracked |  0
| 203|0x000000008cb00000, 0x000000008cc00000, 0x000000008cc00000|100%| O|  |TAMS 0x000000008cb00000| PB 0x000000008cb00000| Untracked |  0
| 204|0x000000008cc00000, 0x000000008cd00000, 0x000000008cd00000|100%| O|Cm|TAMS 0x000000008cc00000| PB 0x000000008cc00000| Complete |  0
| 205|0x000000008cd00000, 0x000000008cd00000, 0x000000008ce00000|  0%| F|  |TAMS 0x000000008cd00000| PB 0x000000008cd00000| Untracked |  0
| 206|0x000000008ce00000, 0x000000008cf00000, 0x000000008cf00000|100%| O|Cm|TAMS 0x000000008ce00000| PB 0x000000008ce00000| Complete |  0
| 207|0x000000008cf00000, 0x000000008d000000, 0x000000008d000000|100%| O|  |TAMS 0x000000008cf00000| PB 0x000000008cf00000| Untracked |  0
| 208|0x000000008d000000, 0x000000008d100000, 0x000000008d100000|100%|HS|  |TAMS 0x000000008d000000| PB 0x000000008d000000| Complete |  0
| 209|0x000000008d100000, 0x000000008d200000, 0x000000008d200000|100%|HC|  |TAMS 0x000000008d100000| PB 0x000000008d100000| Complete |  0
| 210|0x000000008d200000, 0x000000008d200000, 0x000000008d300000|  0%| F|  |TAMS 0x000000008d200000| PB 0x000000008d200000| Untracked |  0
| 211|0x000000008d300000, 0x000000008d400000, 0x000000008d400000|100%| O|  |TAMS 0x000000008d300000| PB 0x000000008d300000| Untracked |  0
| 212|0x000000008d400000, 0x000000008d500000, 0x000000008d500000|100%| O|  |TAMS 0x000000008d400000| PB 0x000000008d400000| Untracked |  0
| 213|0x000000008d500000, 0x000000008d600000, 0x000000008d600000|100%| O|Cm|TAMS 0x000000008d500000| PB 0x000000008d500000| Complete |  0
| 214|0x000000008d600000, 0x000000008d700000, 0x000000008d700000|100%| O|  |TAMS 0x000000008d600000| PB 0x000000008d600000| Untracked |  0
| 215|0x000000008d700000, 0x000000008d800000, 0x000000008d800000|100%| O|Cm|TAMS 0x000000008d700000| PB 0x000000008d700000| Complete |  0
| 216|0x000000008d800000, 0x000000008d900000, 0x000000008d900000|100%| O|Cm|TAMS 0x000000008d800000| PB 0x000000008d800000| Complete |  0
| 217|0x000000008d900000, 0x000000008d900000, 0x000000008da00000|  0%| F|  |TAMS 0x000000008d900000| PB 0x000000008d900000| Untracked |  0
| 218|0x000000008da00000, 0x000000008db00000, 0x000000008db00000|100%| O|  |TAMS 0x000000008da00000| PB 0x000000008da00000| Untracked |  0
| 219|0x000000008db00000, 0x000000008dc00000, 0x000000008dc00000|100%|HS|  |TAMS 0x000000008db00000| PB 0x000000008db00000| Complete |  0
| 220|0x000000008dc00000, 0x000000008dd00000, 0x000000008dd00000|100%|HC|  |TAMS 0x000000008dc00000| PB 0x000000008dc00000| Complete |  0
| 221|0x000000008dd00000, 0x000000008de00000, 0x000000008de00000|100%| O|Cm|TAMS 0x000000008dd00000| PB 0x000000008dd00000| Complete |  0
| 222|0x000000008de00000, 0x000000008df00000, 0x000000008df00000|100%| O|Cm|TAMS 0x000000008de00000| PB 0x000000008de00000| Complete |  0
| 223|0x000000008df00000, 0x000000008e000000, 0x000000008e000000|100%| O|Cm|TAMS 0x000000008df00000| PB 0x000000008df00000| Complete |  0
| 224|0x000000008e000000, 0x000000008e100000, 0x000000008e100000|100%| O|Cm|TAMS 0x000000008e000000| PB 0x000000008e000000| Complete |  0
| 225|0x000000008e100000, 0x000000008e200000, 0x000000008e200000|100%| O|Cm|TAMS 0x000000008e100000| PB 0x000000008e100000| Complete |  0
| 226|0x000000008e200000, 0x000000008e300000, 0x000000008e300000|100%| O|  |TAMS 0x000000008e200000| PB 0x000000008e200000| Untracked |  0
| 227|0x000000008e300000, 0x000000008e400000, 0x000000008e400000|100%| O|  |TAMS 0x000000008e300000| PB 0x000000008e300000| Untracked |  0
| 228|0x000000008e400000, 0x000000008e400000, 0x000000008e500000|  0%| F|  |TAMS 0x000000008e400000| PB 0x000000008e400000| Untracked |  0
| 229|0x000000008e500000, 0x000000008e600000, 0x000000008e600000|100%| O|  |TAMS 0x000000008e500000| PB 0x000000008e500000| Untracked |  0
| 230|0x000000008e600000, 0x000000008e700000, 0x000000008e700000|100%|HS|  |TAMS 0x000000008e600000| PB 0x000000008e600000| Complete |  0
| 231|0x000000008e700000, 0x000000008e800000, 0x000000008e800000|100%|HC|  |TAMS 0x000000008e700000| PB 0x000000008e700000| Complete |  0
| 232|0x000000008e800000, 0x000000008e900000, 0x000000008e900000|100%|HS|  |TAMS 0x000000008e800000| PB 0x000000008e800000| Complete |  0
| 233|0x000000008e900000, 0x000000008ea00000, 0x000000008ea00000|100%|HC|  |TAMS 0x000000008e900000| PB 0x000000008e900000| Complete |  0
| 234|0x000000008ea00000, 0x000000008eb00000, 0x000000008eb00000|100%|HS|  |TAMS 0x000000008ea00000| PB 0x000000008ea00000| Complete |  0
| 235|0x000000008eb00000, 0x000000008ec00000, 0x000000008ec00000|100%|HC|  |TAMS 0x000000008eb00000| PB 0x000000008eb00000| Complete |  0
| 236|0x000000008ec00000, 0x000000008ed00000, 0x000000008ed00000|100%| O|  |TAMS 0x000000008ec00000| PB 0x000000008ec00000| Untracked |  0
| 237|0x000000008ed00000, 0x000000008ee00000, 0x000000008ee00000|100%|HS|  |TAMS 0x000000008ed00000| PB 0x000000008ed00000| Complete |  0
| 238|0x000000008ee00000, 0x000000008ef00000, 0x000000008ef00000|100%|HC|  |TAMS 0x000000008ee00000| PB 0x000000008ee00000| Complete |  0
| 239|0x000000008ef00000, 0x000000008f000000, 0x000000008f000000|100%|HC|  |TAMS 0x000000008ef00000| PB 0x000000008ef00000| Complete |  0
| 240|0x000000008f000000, 0x000000008f100000, 0x000000008f100000|100%|HC|  |TAMS 0x000000008f000000| PB 0x000000008f000000| Complete |  0
| 241|0x000000008f100000, 0x000000008f200000, 0x000000008f200000|100%|HC|  |TAMS 0x000000008f100000| PB 0x000000008f100000| Complete |  0
| 242|0x000000008f200000, 0x000000008f300000, 0x000000008f300000|100%|HC|  |TAMS 0x000000008f200000| PB 0x000000008f200000| Complete |  0
| 243|0x000000008f300000, 0x000000008f400000, 0x000000008f400000|100%|HC|  |TAMS 0x000000008f300000| PB 0x000000008f300000| Complete |  0
| 244|0x000000008f400000, 0x000000008f500000, 0x000000008f500000|100%|HC|  |TAMS 0x000000008f400000| PB 0x000000008f400000| Complete |  0
| 245|0x000000008f500000, 0x000000008f600000, 0x000000008f600000|100%|HS|  |TAMS 0x000000008f500000| PB 0x000000008f500000| Complete |  0
| 246|0x000000008f600000, 0x000000008f700000, 0x000000008f700000|100%|HC|  |TAMS 0x000000008f600000| PB 0x000000008f600000| Complete |  0
| 247|0x000000008f700000, 0x000000008f800000, 0x000000008f800000|100%|HS|  |TAMS 0x000000008f700000| PB 0x000000008f700000| Complete |  0
| 248|0x000000008f800000, 0x000000008f900000, 0x000000008f900000|100%|HC|  |TAMS 0x000000008f800000| PB 0x000000008f800000| Complete |  0
| 249|0x000000008f900000, 0x000000008f900000, 0x000000008fa00000|  0%| F|  |TAMS 0x000000008f900000| PB 0x000000008f900000| Untracked |  0
| 250|0x000000008fa00000, 0x000000008fb00000, 0x000000008fb00000|100%| O|  |TAMS 0x000000008fa00000| PB 0x000000008fa00000| Untracked |  0
| 251|0x000000008fb00000, 0x000000008fb00000, 0x000000008fc00000|  0%| F|  |TAMS 0x000000008fb00000| PB 0x000000008fb00000| Untracked |  0
| 252|0x000000008fc00000, 0x000000008fd00000, 0x000000008fd00000|100%| O|  |TAMS 0x000000008fc00000| PB 0x000000008fc00000| Untracked |  0
| 253|0x000000008fd00000, 0x000000008fe00000, 0x000000008fe00000|100%| O|  |TAMS 0x000000008fd00000| PB 0x000000008fd00000| Untracked |  0
| 254|0x000000008fe00000, 0x000000008ff00000, 0x000000008ff00000|100%| O|  |TAMS 0x000000008fe00000| PB 0x000000008fe00000| Untracked |  0
| 255|0x000000008ff00000, 0x0000000090000000, 0x0000000090000000|100%| O|  |TAMS 0x000000008ff00000| PB 0x000000008ff00000| Untracked |  0
| 256|0x0000000090000000, 0x0000000090100000, 0x0000000090100000|100%| O|  |TAMS 0x0000000090000000| PB 0x0000000090000000| Untracked |  0
| 257|0x0000000090100000, 0x0000000090200000, 0x0000000090200000|100%|HS|  |TAMS 0x0000000090100000| PB 0x0000000090100000| Complete |  0
| 258|0x0000000090200000, 0x0000000090300000, 0x0000000090300000|100%|HC|  |TAMS 0x0000000090200000| PB 0x0000000090200000| Complete |  0
| 259|0x0000000090300000, 0x0000000090400000, 0x0000000090400000|100%|HC|  |TAMS 0x0000000090300000| PB 0x0000000090300000| Complete |  0
| 260|0x0000000090400000, 0x0000000090500000, 0x0000000090500000|100%|HC|  |TAMS 0x0000000090400000| PB 0x0000000090400000| Complete |  0
| 261|0x0000000090500000, 0x0000000090600000, 0x0000000090600000|100%|HS|  |TAMS 0x0000000090500000| PB 0x0000000090500000| Complete |  0
| 262|0x0000000090600000, 0x0000000090700000, 0x0000000090700000|100%|HC|  |TAMS 0x0000000090600000| PB 0x0000000090600000| Complete |  0
| 263|0x0000000090700000, 0x0000000090800000, 0x0000000090800000|100%| O|  |TAMS 0x0000000090700000| PB 0x0000000090700000| Untracked |  0
| 264|0x0000000090800000, 0x0000000090900000, 0x0000000090900000|100%| O|  |TAMS 0x0000000090800000| PB 0x0000000090800000| Untracked |  0
| 265|0x0000000090900000, 0x0000000090a00000, 0x0000000090a00000|100%| O|  |TAMS 0x0000000090900000| PB 0x0000000090900000| Untracked |  0
| 266|0x0000000090a00000, 0x0000000090b00000, 0x0000000090b00000|100%| O|  |TAMS 0x0000000090a00000| PB 0x0000000090a00000| Untracked |  0
| 267|0x0000000090b00000, 0x0000000090c00000, 0x0000000090c00000|100%| O|  |TAMS 0x0000000090b00000| PB 0x0000000090b00000| Untracked |  0
| 268|0x0000000090c00000, 0x0000000090d00000, 0x0000000090d00000|100%| O|  |TAMS 0x0000000090c00000| PB 0x0000000090c00000| Untracked |  0
| 269|0x0000000090d00000, 0x0000000090e00000, 0x0000000090e00000|100%| O|  |TAMS 0x0000000090d00000| PB 0x0000000090d00000| Untracked |  0
| 270|0x0000000090e00000, 0x0000000090f00000, 0x0000000090f00000|100%| O|  |TAMS 0x0000000090e00000| PB 0x0000000090e00000| Untracked |  0
| 271|0x0000000090f00000, 0x0000000091000000, 0x0000000091000000|100%| O|  |TAMS 0x0000000090f00000| PB 0x0000000090f00000| Untracked |  0
| 272|0x0000000091000000, 0x0000000091100000, 0x0000000091100000|100%| O|  |TAMS 0x0000000091000000| PB 0x0000000091000000| Untracked |  0
| 273|0x0000000091100000, 0x0000000091200000, 0x0000000091200000|100%| O|  |TAMS 0x0000000091100000| PB 0x0000000091100000| Untracked |  0
| 274|0x0000000091200000, 0x0000000091300000, 0x0000000091300000|100%| O|  |TAMS 0x0000000091200000| PB 0x0000000091200000| Untracked |  0
| 275|0x0000000091300000, 0x0000000091400000, 0x0000000091400000|100%| O|  |TAMS 0x0000000091300000| PB 0x0000000091300000| Untracked |  0
| 276|0x0000000091400000, 0x0000000091500000, 0x0000000091500000|100%| O|  |TAMS 0x0000000091400000| PB 0x0000000091400000| Untracked |  0
| 277|0x0000000091500000, 0x0000000091600000, 0x0000000091600000|100%| O|  |TAMS 0x0000000091500000| PB 0x0000000091500000| Untracked |  0
| 278|0x0000000091600000, 0x0000000091700000, 0x0000000091700000|100%| O|  |TAMS 0x0000000091600000| PB 0x0000000091600000| Untracked |  0
| 279|0x0000000091700000, 0x0000000091800000, 0x0000000091800000|100%| O|  |TAMS 0x0000000091700000| PB 0x0000000091700000| Untracked |  0
| 280|0x0000000091800000, 0x0000000091900000, 0x0000000091900000|100%| O|  |TAMS 0x0000000091800000| PB 0x0000000091800000| Untracked |  0
| 281|0x0000000091900000, 0x0000000091a00000, 0x0000000091a00000|100%|HS|  |TAMS 0x0000000091900000| PB 0x0000000091900000| Complete |  0
| 282|0x0000000091a00000, 0x0000000091b00000, 0x0000000091b00000|100%|HC|  |TAMS 0x0000000091a00000| PB 0x0000000091a00000| Complete |  0
| 283|0x0000000091b00000, 0x0000000091c00000, 0x0000000091c00000|100%|HC|  |TAMS 0x0000000091b00000| PB 0x0000000091b00000| Complete |  0
| 284|0x0000000091c00000, 0x0000000091d00000, 0x0000000091d00000|100%| O|  |TAMS 0x0000000091c00000| PB 0x0000000091c00000| Untracked |  0
| 285|0x0000000091d00000, 0x0000000091e00000, 0x0000000091e00000|100%| O|  |TAMS 0x0000000091d00000| PB 0x0000000091d00000| Untracked |  0
| 286|0x0000000091e00000, 0x0000000091f00000, 0x0000000091f00000|100%|HS|  |TAMS 0x0000000091e00000| PB 0x0000000091e00000| Complete |  0
| 287|0x0000000091f00000, 0x0000000092000000, 0x0000000092000000|100%|HC|  |TAMS 0x0000000091f00000| PB 0x0000000091f00000| Complete |  0
| 288|0x0000000092000000, 0x0000000092100000, 0x0000000092100000|100%|HC|  |TAMS 0x0000000092000000| PB 0x0000000092000000| Complete |  0
| 289|0x0000000092100000, 0x0000000092200000, 0x0000000092200000|100%|HC|  |TAMS 0x0000000092100000| PB 0x0000000092100000| Complete |  0
| 290|0x0000000092200000, 0x0000000092300000, 0x0000000092300000|100%|HC|  |TAMS 0x0000000092200000| PB 0x0000000092200000| Complete |  0
| 291|0x0000000092300000, 0x0000000092400000, 0x0000000092400000|100%|HC|  |TAMS 0x0000000092300000| PB 0x0000000092300000| Complete |  0
| 292|0x0000000092400000, 0x0000000092500000, 0x0000000092500000|100%|HC|  |TAMS 0x0000000092400000| PB 0x0000000092400000| Complete |  0
| 293|0x0000000092500000, 0x0000000092600000, 0x0000000092600000|100%| O|  |TAMS 0x0000000092500000| PB 0x0000000092500000| Untracked |  0
| 294|0x0000000092600000, 0x0000000092700000, 0x0000000092700000|100%| O|  |TAMS 0x0000000092600000| PB 0x0000000092600000| Untracked |  0
| 295|0x0000000092700000, 0x0000000092800000, 0x0000000092800000|100%| O|  |TAMS 0x0000000092700000| PB 0x0000000092700000| Untracked |  0
| 296|0x0000000092800000, 0x0000000092900000, 0x0000000092900000|100%| O|  |TAMS 0x0000000092800000| PB 0x0000000092800000| Untracked |  0
| 297|0x0000000092900000, 0x0000000092a00000, 0x0000000092a00000|100%| O|  |TAMS 0x0000000092900000| PB 0x0000000092900000| Untracked |  0
| 298|0x0000000092a00000, 0x0000000092b00000, 0x0000000092b00000|100%| O|  |TAMS 0x0000000092a00000| PB 0x0000000092a00000| Untracked |  0
| 299|0x0000000092b00000, 0x0000000092c00000, 0x0000000092c00000|100%| O|  |TAMS 0x0000000092b00000| PB 0x0000000092b00000| Untracked |  0
| 300|0x0000000092c00000, 0x0000000092d00000, 0x0000000092d00000|100%| O|  |TAMS 0x0000000092c00000| PB 0x0000000092c00000| Untracked |  0
| 301|0x0000000092d00000, 0x0000000092e00000, 0x0000000092e00000|100%| O|  |TAMS 0x0000000092d00000| PB 0x0000000092d00000| Untracked |  0
| 302|0x0000000092e00000, 0x0000000092f00000, 0x0000000092f00000|100%| O|  |TAMS 0x0000000092e00000| PB 0x0000000092e00000| Untracked |  0
| 303|0x0000000092f00000, 0x0000000093000000, 0x0000000093000000|100%| O|  |TAMS 0x0000000092f00000| PB 0x0000000092f00000| Untracked |  0
| 304|0x0000000093000000, 0x0000000093100000, 0x0000000093100000|100%| O|  |TAMS 0x0000000093000000| PB 0x0000000093000000| Untracked |  0
| 305|0x0000000093100000, 0x0000000093200000, 0x0000000093200000|100%| O|  |TAMS 0x0000000093100000| PB 0x0000000093100000| Untracked |  0
| 306|0x0000000093200000, 0x0000000093300000, 0x0000000093300000|100%| O|  |TAMS 0x0000000093200000| PB 0x0000000093200000| Untracked |  0
| 307|0x0000000093300000, 0x0000000093400000, 0x0000000093400000|100%| O|  |TAMS 0x0000000093300000| PB 0x0000000093300000| Untracked |  0
| 308|0x0000000093400000, 0x0000000093500000, 0x0000000093500000|100%|HS|  |TAMS 0x0000000093400000| PB 0x0000000093400000| Complete |  0
| 309|0x0000000093500000, 0x0000000093600000, 0x0000000093600000|100%|HS|  |TAMS 0x0000000093500000| PB 0x0000000093500000| Complete |  0
| 310|0x0000000093600000, 0x0000000093700000, 0x0000000093700000|100%| O|  |TAMS 0x0000000093600000| PB 0x0000000093600000| Untracked |  0
| 311|0x0000000093700000, 0x0000000093800000, 0x0000000093800000|100%| O|  |TAMS 0x0000000093700000| PB 0x0000000093700000| Untracked |  0
| 312|0x0000000093800000, 0x0000000093900000, 0x0000000093900000|100%| O|  |TAMS 0x0000000093800000| PB 0x0000000093800000| Untracked |  0
| 313|0x0000000093900000, 0x0000000093a00000, 0x0000000093a00000|100%| O|  |TAMS 0x0000000093900000| PB 0x0000000093900000| Untracked |  0
| 314|0x0000000093a00000, 0x0000000093b00000, 0x0000000093b00000|100%|HS|  |TAMS 0x0000000093a00000| PB 0x0000000093a00000| Complete |  0
| 315|0x0000000093b00000, 0x0000000093c00000, 0x0000000093c00000|100%|HS|  |TAMS 0x0000000093b00000| PB 0x0000000093b00000| Complete |  0
| 316|0x0000000093c00000, 0x0000000093d00000, 0x0000000093d00000|100%|HS|  |TAMS 0x0000000093c00000| PB 0x0000000093c00000| Complete |  0
| 317|0x0000000093d00000, 0x0000000093e00000, 0x0000000093e00000|100%|HS|  |TAMS 0x0000000093d00000| PB 0x0000000093d00000| Complete |  0
| 318|0x0000000093e00000, 0x0000000093f00000, 0x0000000093f00000|100%| O|  |TAMS 0x0000000093e00000| PB 0x0000000093e00000| Untracked |  0
| 319|0x0000000093f00000, 0x0000000094000000, 0x0000000094000000|100%|HS|  |TAMS 0x0000000093f00000| PB 0x0000000093f00000| Complete |  0
| 320|0x0000000094000000, 0x0000000094100000, 0x0000000094100000|100%|HS|  |TAMS 0x0000000094000000| PB 0x0000000094000000| Complete |  0
| 321|0x0000000094100000, 0x0000000094200000, 0x0000000094200000|100%| O|  |TAMS 0x0000000094100000| PB 0x0000000094100000| Untracked |  0
| 322|0x0000000094200000, 0x0000000094300000, 0x0000000094300000|100%|HS|  |TAMS 0x0000000094200000| PB 0x0000000094200000| Complete |  0
| 323|0x0000000094300000, 0x0000000094400000, 0x0000000094400000|100%|HS|  |TAMS 0x0000000094300000| PB 0x0000000094300000| Complete |  0
| 324|0x0000000094400000, 0x0000000094500000, 0x0000000094500000|100%|HS|  |TAMS 0x0000000094400000| PB 0x0000000094400000| Complete |  0
| 325|0x0000000094500000, 0x0000000094600000, 0x0000000094600000|100%|HC|  |TAMS 0x0000000094500000| PB 0x0000000094500000| Complete |  0
| 326|0x0000000094600000, 0x0000000094700000, 0x0000000094700000|100%| O|  |TAMS 0x0000000094600000| PB 0x0000000094600000| Untracked |  0
| 327|0x0000000094700000, 0x0000000094800000, 0x0000000094800000|100%| O|  |TAMS 0x0000000094700000| PB 0x0000000094700000| Untracked |  0
| 328|0x0000000094800000, 0x0000000094900000, 0x0000000094900000|100%| O|  |TAMS 0x0000000094800000| PB 0x0000000094800000| Untracked |  0
| 329|0x0000000094900000, 0x0000000094a00000, 0x0000000094a00000|100%| O|  |TAMS 0x0000000094900000| PB 0x0000000094900000| Untracked |  0
| 330|0x0000000094a00000, 0x0000000094b00000, 0x0000000094b00000|100%|HS|  |TAMS 0x0000000094a00000| PB 0x0000000094a00000| Complete |  0
| 331|0x0000000094b00000, 0x0000000094c00000, 0x0000000094c00000|100%|HS|  |TAMS 0x0000000094b00000| PB 0x0000000094b00000| Complete |  0
| 332|0x0000000094c00000, 0x0000000094d00000, 0x0000000094d00000|100%|HS|  |TAMS 0x0000000094c00000| PB 0x0000000094c00000| Complete |  0
| 333|0x0000000094d00000, 0x0000000094e00000, 0x0000000094e00000|100%|HC|  |TAMS 0x0000000094d00000| PB 0x0000000094d00000| Complete |  0
| 334|0x0000000094e00000, 0x0000000094f00000, 0x0000000094f00000|100%|HS|  |TAMS 0x0000000094e00000| PB 0x0000000094e00000| Complete |  0
| 335|0x0000000094f00000, 0x0000000095000000, 0x0000000095000000|100%|HS|  |TAMS 0x0000000094f00000| PB 0x0000000094f00000| Complete |  0
| 336|0x0000000095000000, 0x0000000095100000, 0x0000000095100000|100%|HS|  |TAMS 0x0000000095000000| PB 0x0000000095000000| Complete |  0
| 337|0x0000000095100000, 0x0000000095200000, 0x0000000095200000|100%|HS|  |TAMS 0x0000000095100000| PB 0x0000000095100000| Complete |  0
| 338|0x0000000095200000, 0x0000000095300000, 0x0000000095300000|100%|HS|  |TAMS 0x0000000095200000| PB 0x0000000095200000| Complete |  0
| 339|0x0000000095300000, 0x0000000095400000, 0x0000000095400000|100%|HS|  |TAMS 0x0000000095300000| PB 0x0000000095300000| Complete |  0
| 340|0x0000000095400000, 0x0000000095500000, 0x0000000095500000|100%|HC|  |TAMS 0x0000000095400000| PB 0x0000000095400000| Complete |  0
| 341|0x0000000095500000, 0x0000000095600000, 0x0000000095600000|100%|HS|  |TAMS 0x0000000095500000| PB 0x0000000095500000| Complete |  0
| 342|0x0000000095600000, 0x0000000095700000, 0x0000000095700000|100%|HC|  |TAMS 0x0000000095600000| PB 0x0000000095600000| Complete |  0
| 343|0x0000000095700000, 0x0000000095800000, 0x0000000095800000|100%|HS|  |TAMS 0x0000000095700000| PB 0x0000000095700000| Complete |  0
| 344|0x0000000095800000, 0x0000000095900000, 0x0000000095900000|100%|HC|  |TAMS 0x0000000095800000| PB 0x0000000095800000| Complete |  0
| 345|0x0000000095900000, 0x0000000095a00000, 0x0000000095a00000|100%|HS|  |TAMS 0x0000000095900000| PB 0x0000000095900000| Complete |  0
| 346|0x0000000095a00000, 0x0000000095b00000, 0x0000000095b00000|100%|HC|  |TAMS 0x0000000095a00000| PB 0x0000000095a00000| Complete |  0
| 347|0x0000000095b00000, 0x0000000095c00000, 0x0000000095c00000|100%|HS|  |TAMS 0x0000000095b00000| PB 0x0000000095b00000| Complete |  0
| 348|0x0000000095c00000, 0x0000000095d00000, 0x0000000095d00000|100%|HC|  |TAMS 0x0000000095c00000| PB 0x0000000095c00000| Complete |  0
| 349|0x0000000095d00000, 0x0000000095e00000, 0x0000000095e00000|100%|HS|  |TAMS 0x0000000095d00000| PB 0x0000000095d00000| Complete |  0
| 350|0x0000000095e00000, 0x0000000095f00000, 0x0000000095f00000|100%|HC|  |TAMS 0x0000000095e00000| PB 0x0000000095e00000| Complete |  0
| 351|0x0000000095f00000, 0x0000000095f00000, 0x0000000096000000|  0%| F|  |TAMS 0x0000000095f00000| PB 0x0000000095f00000| Untracked |  0
| 352|0x0000000096000000, 0x0000000096100000, 0x0000000096100000|100%| O|  |TAMS 0x0000000096000000| PB 0x0000000096000000| Untracked |  0
| 353|0x0000000096100000, 0x0000000096200000, 0x0000000096200000|100%|HS|  |TAMS 0x0000000096100000| PB 0x0000000096100000| Complete |  0
| 354|0x0000000096200000, 0x0000000096300000, 0x0000000096300000|100%|HC|  |TAMS 0x0000000096200000| PB 0x0000000096200000| Complete |  0
| 355|0x0000000096300000, 0x0000000096400000, 0x0000000096400000|100%|HS|  |TAMS 0x0000000096300000| PB 0x0000000096300000| Complete |  0
| 356|0x0000000096400000, 0x0000000096500000, 0x0000000096500000|100%|HC|  |TAMS 0x0000000096400000| PB 0x0000000096400000| Complete |  0
| 357|0x0000000096500000, 0x0000000096600000, 0x0000000096600000|100%|HS|  |TAMS 0x0000000096500000| PB 0x0000000096500000| Complete |  0
| 358|0x0000000096600000, 0x0000000096700000, 0x0000000096700000|100%|HC|  |TAMS 0x0000000096600000| PB 0x0000000096600000| Complete |  0
| 359|0x0000000096700000, 0x0000000096800000, 0x0000000096800000|100%|HS|  |TAMS 0x0000000096700000| PB 0x0000000096700000| Complete |  0
| 360|0x0000000096800000, 0x0000000096900000, 0x0000000096900000|100%|HC|  |TAMS 0x0000000096800000| PB 0x0000000096800000| Complete |  0
| 361|0x0000000096900000, 0x0000000096a00000, 0x0000000096a00000|100%|HS|  |TAMS 0x0000000096900000| PB 0x0000000096900000| Complete |  0
| 362|0x0000000096a00000, 0x0000000096b00000, 0x0000000096b00000|100%|HC|  |TAMS 0x0000000096a00000| PB 0x0000000096a00000| Complete |  0
| 363|0x0000000096b00000, 0x0000000096c00000, 0x0000000096c00000|100%|HS|  |TAMS 0x0000000096b00000| PB 0x0000000096b00000| Complete |  0
| 364|0x0000000096c00000, 0x0000000096d00000, 0x0000000096d00000|100%|HC|  |TAMS 0x0000000096c00000| PB 0x0000000096c00000| Complete |  0
| 365|0x0000000096d00000, 0x0000000096e00000, 0x0000000096e00000|100%|HS|  |TAMS 0x0000000096d00000| PB 0x0000000096d00000| Complete |  0
| 366|0x0000000096e00000, 0x0000000096f00000, 0x0000000096f00000|100%|HC|  |TAMS 0x0000000096e00000| PB 0x0000000096e00000| Complete |  0
| 367|0x0000000096f00000, 0x0000000097000000, 0x0000000097000000|100%| O|  |TAMS 0x0000000096f00000| PB 0x0000000096f00000| Untracked |  0
| 368|0x0000000097000000, 0x0000000097100000, 0x0000000097100000|100%| O|  |TAMS 0x0000000097000000| PB 0x0000000097000000| Untracked |  0
| 369|0x0000000097100000, 0x0000000097200000, 0x0000000097200000|100%| O|  |TAMS 0x0000000097100000| PB 0x0000000097100000| Untracked |  0
| 370|0x0000000097200000, 0x0000000097300000, 0x0000000097300000|100%| O|  |TAMS 0x0000000097200000| PB 0x0000000097200000| Untracked |  0
| 371|0x0000000097300000, 0x0000000097400000, 0x0000000097400000|100%| O|  |TAMS 0x0000000097300000| PB 0x0000000097300000| Untracked |  0
| 372|0x0000000097400000, 0x0000000097467b80, 0x0000000097500000| 40%| O|  |TAMS 0x0000000097400000| PB 0x0000000097400000| Untracked |  0
| 373|0x0000000097500000, 0x0000000097600000, 0x0000000097600000|100%|HS|  |TAMS 0x0000000097500000| PB 0x0000000097500000| Complete |  0
| 374|0x0000000097600000, 0x0000000097700000, 0x0000000097700000|100%|HC|  |TAMS 0x0000000097600000| PB 0x0000000097600000| Complete |  0
| 375|0x0000000097700000, 0x0000000097800000, 0x0000000097800000|100%|HC|  |TAMS 0x0000000097700000| PB 0x0000000097700000| Complete |  0
| 376|0x0000000097800000, 0x0000000097900000, 0x0000000097900000|100%|HC|  |TAMS 0x0000000097800000| PB 0x0000000097800000| Complete |  0
| 377|0x0000000097900000, 0x0000000097a00000, 0x0000000097a00000|100%|HC|  |TAMS 0x0000000097900000| PB 0x0000000097900000| Complete |  0
| 378|0x0000000097a00000, 0x0000000097b00000, 0x0000000097b00000|100%|HC|  |TAMS 0x0000000097a00000| PB 0x0000000097a00000| Complete |  0
| 379|0x0000000097b00000, 0x0000000097c00000, 0x0000000097c00000|100%|HC|  |TAMS 0x0000000097b00000| PB 0x0000000097b00000| Complete |  0
| 380|0x0000000097c00000, 0x0000000097d00000, 0x0000000097d00000|100%|HC|  |TAMS 0x0000000097c00000| PB 0x0000000097c00000| Complete |  0
| 381|0x0000000097d00000, 0x0000000097e00000, 0x0000000097e00000|100%|HC|  |TAMS 0x0000000097d00000| PB 0x0000000097d00000| Complete |  0
| 382|0x0000000097e00000, 0x0000000097f00000, 0x0000000097f00000|100%|HC|  |TAMS 0x0000000097e00000| PB 0x0000000097e00000| Complete |  0
| 383|0x0000000097f00000, 0x0000000098000000, 0x0000000098000000|100%|HC|  |TAMS 0x0000000097f00000| PB 0x0000000097f00000| Complete |  0
| 384|0x0000000098000000, 0x0000000098100000, 0x0000000098100000|100%|HC|  |TAMS 0x0000000098000000| PB 0x0000000098000000| Complete |  0
| 385|0x0000000098100000, 0x0000000098200000, 0x0000000098200000|100%|HC|  |TAMS 0x0000000098100000| PB 0x0000000098100000| Complete |  0
| 386|0x0000000098200000, 0x0000000098300000, 0x0000000098300000|100%|HC|  |TAMS 0x0000000098200000| PB 0x0000000098200000| Complete |  0
| 387|0x0000000098300000, 0x0000000098400000, 0x0000000098400000|100%|HC|  |TAMS 0x0000000098300000| PB 0x0000000098300000| Complete |  0
| 388|0x0000000098400000, 0x0000000098500000, 0x0000000098500000|100%|HC|  |TAMS 0x0000000098400000| PB 0x0000000098400000| Complete |  0
| 389|0x0000000098500000, 0x0000000098600000, 0x0000000098600000|100%|HS|  |TAMS 0x0000000098500000| PB 0x0000000098500000| Complete |  0
| 390|0x0000000098600000, 0x0000000098700000, 0x0000000098700000|100%|HC|  |TAMS 0x0000000098600000| PB 0x0000000098600000| Complete |  0
| 391|0x0000000098700000, 0x0000000098800000, 0x0000000098800000|100%|HS|  |TAMS 0x0000000098700000| PB 0x0000000098700000| Complete |  0
| 392|0x0000000098800000, 0x0000000098900000, 0x0000000098900000|100%|HC|  |TAMS 0x0000000098800000| PB 0x0000000098800000| Complete |  0
| 393|0x0000000098900000, 0x0000000098a00000, 0x0000000098a00000|100%|HS|  |TAMS 0x0000000098900000| PB 0x0000000098900000| Complete |  0
| 394|0x0000000098a00000, 0x0000000098b00000, 0x0000000098b00000|100%|HC|  |TAMS 0x0000000098a00000| PB 0x0000000098a00000| Complete |  0
| 395|0x0000000098b00000, 0x0000000098c00000, 0x0000000098c00000|100%|HS|  |TAMS 0x0000000098b00000| PB 0x0000000098b00000| Complete |  0
| 396|0x0000000098c00000, 0x0000000098d00000, 0x0000000098d00000|100%|HC|  |TAMS 0x0000000098c00000| PB 0x0000000098c00000| Complete |  0
| 397|0x0000000098d00000, 0x0000000098e00000, 0x0000000098e00000|100%|HS|  |TAMS 0x0000000098d00000| PB 0x0000000098d00000| Complete |  0
| 398|0x0000000098e00000, 0x0000000098f00000, 0x0000000098f00000|100%|HC|  |TAMS 0x0000000098e00000| PB 0x0000000098e00000| Complete |  0
| 399|0x0000000098f00000, 0x0000000099000000, 0x0000000099000000|100%|HS|  |TAMS 0x0000000098f00000| PB 0x0000000098f00000| Complete |  0
| 400|0x0000000099000000, 0x0000000099100000, 0x0000000099100000|100%|HC|  |TAMS 0x0000000099000000| PB 0x0000000099000000| Complete |  0
| 401|0x0000000099100000, 0x0000000099200000, 0x0000000099200000|100%|HS|  |TAMS 0x0000000099100000| PB 0x0000000099100000| Complete |  0
| 402|0x0000000099200000, 0x0000000099300000, 0x0000000099300000|100%|HC|  |TAMS 0x0000000099200000| PB 0x0000000099200000| Complete |  0
| 403|0x0000000099300000, 0x0000000099400000, 0x0000000099400000|100%|HS|  |TAMS 0x0000000099300000| PB 0x0000000099300000| Complete |  0
| 404|0x0000000099400000, 0x0000000099500000, 0x0000000099500000|100%|HC|  |TAMS 0x0000000099400000| PB 0x0000000099400000| Complete |  0
| 405|0x0000000099500000, 0x0000000099600000, 0x0000000099600000|100%|HS|  |TAMS 0x0000000099500000| PB 0x0000000099500000| Complete |  0
| 406|0x0000000099600000, 0x0000000099700000, 0x0000000099700000|100%|HC|  |TAMS 0x0000000099600000| PB 0x0000000099600000| Complete |  0
| 407|0x0000000099700000, 0x0000000099800000, 0x0000000099800000|100%|HS|  |TAMS 0x0000000099700000| PB 0x0000000099700000| Complete |  0
| 408|0x0000000099800000, 0x0000000099900000, 0x0000000099900000|100%|HC|  |TAMS 0x0000000099800000| PB 0x0000000099800000| Complete |  0
| 409|0x0000000099900000, 0x0000000099a00000, 0x0000000099a00000|100%|HS|  |TAMS 0x0000000099900000| PB 0x0000000099900000| Complete |  0
| 410|0x0000000099a00000, 0x0000000099b00000, 0x0000000099b00000|100%|HC|  |TAMS 0x0000000099a00000| PB 0x0000000099a00000| Complete |  0
| 411|0x0000000099b00000, 0x0000000099c00000, 0x0000000099c00000|100%|HS|  |TAMS 0x0000000099b00000| PB 0x0000000099b00000| Complete |  0
| 412|0x0000000099c00000, 0x0000000099d00000, 0x0000000099d00000|100%|HC|  |TAMS 0x0000000099c00000| PB 0x0000000099c00000| Complete |  0
| 413|0x0000000099d00000, 0x0000000099e00000, 0x0000000099e00000|100%|HS|  |TAMS 0x0000000099d00000| PB 0x0000000099d00000| Complete |  0
| 414|0x0000000099e00000, 0x0000000099f00000, 0x0000000099f00000|100%|HC|  |TAMS 0x0000000099e00000| PB 0x0000000099e00000| Complete |  0
| 415|0x0000000099f00000, 0x000000009a000000, 0x000000009a000000|100%|HS|  |TAMS 0x0000000099f00000| PB 0x0000000099f00000| Complete |  0
| 416|0x000000009a000000, 0x000000009a100000, 0x000000009a100000|100%|HC|  |TAMS 0x000000009a000000| PB 0x000000009a000000| Complete |  0
| 417|0x000000009a100000, 0x000000009a200000, 0x000000009a200000|100%|HS|  |TAMS 0x000000009a100000| PB 0x000000009a100000| Complete |  0
| 418|0x000000009a200000, 0x000000009a300000, 0x000000009a300000|100%|HC|  |TAMS 0x000000009a200000| PB 0x000000009a200000| Complete |  0
| 419|0x000000009a300000, 0x000000009a400000, 0x000000009a400000|100%|HS|  |TAMS 0x000000009a300000| PB 0x000000009a300000| Complete |  0
| 420|0x000000009a400000, 0x000000009a500000, 0x000000009a500000|100%|HC|  |TAMS 0x000000009a400000| PB 0x000000009a400000| Complete |  0
| 421|0x000000009a500000, 0x000000009a600000, 0x000000009a600000|100%|HS|  |TAMS 0x000000009a500000| PB 0x000000009a500000| Complete |  0
| 422|0x000000009a600000, 0x000000009a700000, 0x000000009a700000|100%|HC|  |TAMS 0x000000009a600000| PB 0x000000009a600000| Complete |  0
| 423|0x000000009a700000, 0x000000009a800000, 0x000000009a800000|100%|HS|  |TAMS 0x000000009a700000| PB 0x000000009a700000| Complete |  0
| 424|0x000000009a800000, 0x000000009a900000, 0x000000009a900000|100%|HC|  |TAMS 0x000000009a800000| PB 0x000000009a800000| Complete |  0
| 425|0x000000009a900000, 0x000000009aa00000, 0x000000009aa00000|100%|HS|  |TAMS 0x000000009a900000| PB 0x000000009a900000| Complete |  0
| 426|0x000000009aa00000, 0x000000009ab00000, 0x000000009ab00000|100%|HC|  |TAMS 0x000000009aa00000| PB 0x000000009aa00000| Complete |  0
| 427|0x000000009ab00000, 0x000000009ac00000, 0x000000009ac00000|100%|HS|  |TAMS 0x000000009ab00000| PB 0x000000009ab00000| Complete |  0
| 428|0x000000009ac00000, 0x000000009ad00000, 0x000000009ad00000|100%|HC|  |TAMS 0x000000009ac00000| PB 0x000000009ac00000| Complete |  0
| 429|0x000000009ad00000, 0x000000009ae00000, 0x000000009ae00000|100%|HS|  |TAMS 0x000000009ad00000| PB 0x000000009ad00000| Complete |  0
| 430|0x000000009ae00000, 0x000000009af00000, 0x000000009af00000|100%|HC|  |TAMS 0x000000009ae00000| PB 0x000000009ae00000| Complete |  0
| 431|0x000000009af00000, 0x000000009b000000, 0x000000009b000000|100%|HS|  |TAMS 0x000000009af00000| PB 0x000000009af00000| Complete |  0
| 432|0x000000009b000000, 0x000000009b100000, 0x000000009b100000|100%|HC|  |TAMS 0x000000009b000000| PB 0x000000009b000000| Complete |  0
| 433|0x000000009b100000, 0x000000009b200000, 0x000000009b200000|100%|HS|  |TAMS 0x000000009b100000| PB 0x000000009b100000| Complete |  0
| 434|0x000000009b200000, 0x000000009b300000, 0x000000009b300000|100%|HC|  |TAMS 0x000000009b200000| PB 0x000000009b200000| Complete |  0
| 435|0x000000009b300000, 0x000000009b400000, 0x000000009b400000|100%|HS|  |TAMS 0x000000009b300000| PB 0x000000009b300000| Complete |  0
| 436|0x000000009b400000, 0x000000009b500000, 0x000000009b500000|100%|HC|  |TAMS 0x000000009b400000| PB 0x000000009b400000| Complete |  0
| 437|0x000000009b500000, 0x000000009b600000, 0x000000009b600000|100%|HS|  |TAMS 0x000000009b500000| PB 0x000000009b500000| Complete |  0
| 438|0x000000009b600000, 0x000000009b700000, 0x000000009b700000|100%|HC|  |TAMS 0x000000009b600000| PB 0x000000009b600000| Complete |  0
| 439|0x000000009b700000, 0x000000009b800000, 0x000000009b800000|100%|HS|  |TAMS 0x000000009b700000| PB 0x000000009b700000| Complete |  0
| 440|0x000000009b800000, 0x000000009b900000, 0x000000009b900000|100%|HC|  |TAMS 0x000000009b800000| PB 0x000000009b800000| Complete |  0
| 441|0x000000009b900000, 0x000000009ba00000, 0x000000009ba00000|100%|HS|  |TAMS 0x000000009b900000| PB 0x000000009b900000| Complete |  0
| 442|0x000000009ba00000, 0x000000009bb00000, 0x000000009bb00000|100%|HC|  |TAMS 0x000000009ba00000| PB 0x000000009ba00000| Complete |  0
| 443|0x000000009bb00000, 0x000000009bc00000, 0x000000009bc00000|100%|HS|  |TAMS 0x000000009bb00000| PB 0x000000009bb00000| Complete |  0
| 444|0x000000009bc00000, 0x000000009bd00000, 0x000000009bd00000|100%|HC|  |TAMS 0x000000009bc00000| PB 0x000000009bc00000| Complete |  0
| 445|0x000000009bd00000, 0x000000009be00000, 0x000000009be00000|100%|HS|  |TAMS 0x000000009bd00000| PB 0x000000009bd00000| Complete |  0
| 446|0x000000009be00000, 0x000000009bf00000, 0x000000009bf00000|100%|HC|  |TAMS 0x000000009be00000| PB 0x000000009be00000| Complete |  0
| 447|0x000000009bf00000, 0x000000009c000000, 0x000000009c000000|100%|HS|  |TAMS 0x000000009bf00000| PB 0x000000009bf00000| Complete |  0
| 448|0x000000009c000000, 0x000000009c100000, 0x000000009c100000|100%|HC|  |TAMS 0x000000009c000000| PB 0x000000009c000000| Complete |  0
| 449|0x000000009c100000, 0x000000009c200000, 0x000000009c200000|100%|HS|  |TAMS 0x000000009c100000| PB 0x000000009c100000| Complete |  0
| 450|0x000000009c200000, 0x000000009c300000, 0x000000009c300000|100%|HC|  |TAMS 0x000000009c200000| PB 0x000000009c200000| Complete |  0
| 451|0x000000009c300000, 0x000000009c400000, 0x000000009c400000|100%|HS|  |TAMS 0x000000009c300000| PB 0x000000009c300000| Complete |  0
| 452|0x000000009c400000, 0x000000009c500000, 0x000000009c500000|100%|HC|  |TAMS 0x000000009c400000| PB 0x000000009c400000| Complete |  0
| 453|0x000000009c500000, 0x000000009c600000, 0x000000009c600000|100%|HS|  |TAMS 0x000000009c500000| PB 0x000000009c500000| Complete |  0
| 454|0x000000009c600000, 0x000000009c700000, 0x000000009c700000|100%|HC|  |TAMS 0x000000009c600000| PB 0x000000009c600000| Complete |  0
| 455|0x000000009c700000, 0x000000009c800000, 0x000000009c800000|100%|HS|  |TAMS 0x000000009c700000| PB 0x000000009c700000| Complete |  0
| 456|0x000000009c800000, 0x000000009c900000, 0x000000009c900000|100%|HC|  |TAMS 0x000000009c800000| PB 0x000000009c800000| Complete |  0
| 457|0x000000009c900000, 0x000000009ca00000, 0x000000009ca00000|100%|HS|  |TAMS 0x000000009c900000| PB 0x000000009c900000| Complete |  0
| 458|0x000000009ca00000, 0x000000009cb00000, 0x000000009cb00000|100%|HC|  |TAMS 0x000000009ca00000| PB 0x000000009ca00000| Complete |  0
| 459|0x000000009cb00000, 0x000000009cc00000, 0x000000009cc00000|100%|HS|  |TAMS 0x000000009cb00000| PB 0x000000009cb00000| Complete |  0
| 460|0x000000009cc00000, 0x000000009cd00000, 0x000000009cd00000|100%|HC|  |TAMS 0x000000009cc00000| PB 0x000000009cc00000| Complete |  0
| 461|0x000000009cd00000, 0x000000009ce00000, 0x000000009ce00000|100%|HS|  |TAMS 0x000000009cd00000| PB 0x000000009cd00000| Complete |  0
| 462|0x000000009ce00000, 0x000000009cf00000, 0x000000009cf00000|100%|HC|  |TAMS 0x000000009ce00000| PB 0x000000009ce00000| Complete |  0
| 463|0x000000009cf00000, 0x000000009d000000, 0x000000009d000000|100%|HS|  |TAMS 0x000000009cf00000| PB 0x000000009cf00000| Complete |  0
| 464|0x000000009d000000, 0x000000009d100000, 0x000000009d100000|100%|HC|  |TAMS 0x000000009d000000| PB 0x000000009d000000| Complete |  0
| 465|0x000000009d100000, 0x000000009d200000, 0x000000009d200000|100%|HS|  |TAMS 0x000000009d100000| PB 0x000000009d100000| Complete |  0
| 466|0x000000009d200000, 0x000000009d300000, 0x000000009d300000|100%|HC|  |TAMS 0x000000009d200000| PB 0x000000009d200000| Complete |  0
| 467|0x000000009d300000, 0x000000009d400000, 0x000000009d400000|100%|HS|  |TAMS 0x000000009d300000| PB 0x000000009d300000| Complete |  0
| 468|0x000000009d400000, 0x000000009d500000, 0x000000009d500000|100%|HC|  |TAMS 0x000000009d400000| PB 0x000000009d400000| Complete |  0
| 469|0x000000009d500000, 0x000000009d600000, 0x000000009d600000|100%|HS|  |TAMS 0x000000009d500000| PB 0x000000009d500000| Complete |  0
| 470|0x000000009d600000, 0x000000009d700000, 0x000000009d700000|100%|HC|  |TAMS 0x000000009d600000| PB 0x000000009d600000| Complete |  0
| 471|0x000000009d700000, 0x000000009d800000, 0x000000009d800000|100%|HS|  |TAMS 0x000000009d700000| PB 0x000000009d700000| Complete |  0
| 472|0x000000009d800000, 0x000000009d900000, 0x000000009d900000|100%|HC|  |TAMS 0x000000009d800000| PB 0x000000009d800000| Complete |  0
| 473|0x000000009d900000, 0x000000009da00000, 0x000000009da00000|100%|HS|  |TAMS 0x000000009d900000| PB 0x000000009d900000| Complete |  0
| 474|0x000000009da00000, 0x000000009db00000, 0x000000009db00000|100%|HC|  |TAMS 0x000000009da00000| PB 0x000000009da00000| Complete |  0
| 475|0x000000009db00000, 0x000000009dc00000, 0x000000009dc00000|100%|HS|  |TAMS 0x000000009db00000| PB 0x000000009db00000| Complete |  0
| 476|0x000000009dc00000, 0x000000009dd00000, 0x000000009dd00000|100%|HC|  |TAMS 0x000000009dc00000| PB 0x000000009dc00000| Complete |  0
| 477|0x000000009dd00000, 0x000000009de00000, 0x000000009de00000|100%|HS|  |TAMS 0x000000009dd00000| PB 0x000000009dd00000| Complete |  0
| 478|0x000000009de00000, 0x000000009df00000, 0x000000009df00000|100%|HC|  |TAMS 0x000000009de00000| PB 0x000000009de00000| Complete |  0
| 479|0x000000009df00000, 0x000000009e000000, 0x000000009e000000|100%|HS|  |TAMS 0x000000009df00000| PB 0x000000009df00000| Complete |  0
| 480|0x000000009e000000, 0x000000009e100000, 0x000000009e100000|100%|HC|  |TAMS 0x000000009e000000| PB 0x000000009e000000| Complete |  0
| 481|0x000000009e100000, 0x000000009e200000, 0x000000009e200000|100%|HS|  |TAMS 0x000000009e100000| PB 0x000000009e100000| Complete |  0
| 482|0x000000009e200000, 0x000000009e300000, 0x000000009e300000|100%|HC|  |TAMS 0x000000009e200000| PB 0x000000009e200000| Complete |  0
| 483|0x000000009e300000, 0x000000009e400000, 0x000000009e400000|100%|HS|  |TAMS 0x000000009e300000| PB 0x000000009e300000| Complete |  0
| 484|0x000000009e400000, 0x000000009e500000, 0x000000009e500000|100%|HC|  |TAMS 0x000000009e400000| PB 0x000000009e400000| Complete |  0
| 485|0x000000009e500000, 0x000000009e600000, 0x000000009e600000|100%|HS|  |TAMS 0x000000009e500000| PB 0x000000009e500000| Complete |  0
| 486|0x000000009e600000, 0x000000009e700000, 0x000000009e700000|100%|HC|  |TAMS 0x000000009e600000| PB 0x000000009e600000| Complete |  0
| 487|0x000000009e700000, 0x000000009e800000, 0x000000009e800000|100%|HS|  |TAMS 0x000000009e700000| PB 0x000000009e700000| Complete |  0
| 488|0x000000009e800000, 0x000000009e900000, 0x000000009e900000|100%|HC|  |TAMS 0x000000009e800000| PB 0x000000009e800000| Complete |  0
| 489|0x000000009e900000, 0x000000009ea00000, 0x000000009ea00000|100%|HS|  |TAMS 0x000000009e900000| PB 0x000000009e900000| Complete |  0
| 490|0x000000009ea00000, 0x000000009eb00000, 0x000000009eb00000|100%|HC|  |TAMS 0x000000009ea00000| PB 0x000000009ea00000| Complete |  0
| 491|0x000000009eb00000, 0x000000009ec00000, 0x000000009ec00000|100%|HS|  |TAMS 0x000000009eb00000| PB 0x000000009eb00000| Complete |  0
| 492|0x000000009ec00000, 0x000000009ed00000, 0x000000009ed00000|100%|HC|  |TAMS 0x000000009ec00000| PB 0x000000009ec00000| Complete |  0
| 493|0x000000009ed00000, 0x000000009ee00000, 0x000000009ee00000|100%|HS|  |TAMS 0x000000009ed00000| PB 0x000000009ed00000| Complete |  0
| 494|0x000000009ee00000, 0x000000009ef00000, 0x000000009ef00000|100%|HC|  |TAMS 0x000000009ee00000| PB 0x000000009ee00000| Complete |  0
| 495|0x000000009ef00000, 0x000000009f000000, 0x000000009f000000|100%|HS|  |TAMS 0x000000009ef00000| PB 0x000000009ef00000| Complete |  0
| 496|0x000000009f000000, 0x000000009f100000, 0x000000009f100000|100%|HC|  |TAMS 0x000000009f000000| PB 0x000000009f000000| Complete |  0
| 497|0x000000009f100000, 0x000000009f200000, 0x000000009f200000|100%|HS|  |TAMS 0x000000009f100000| PB 0x000000009f100000| Complete |  0
| 498|0x000000009f200000, 0x000000009f300000, 0x000000009f300000|100%|HC|  |TAMS 0x000000009f200000| PB 0x000000009f200000| Complete |  0
| 499|0x000000009f300000, 0x000000009f400000, 0x000000009f400000|100%|HS|  |TAMS 0x000000009f300000| PB 0x000000009f300000| Complete |  0
| 500|0x000000009f400000, 0x000000009f500000, 0x000000009f500000|100%|HC|  |TAMS 0x000000009f400000| PB 0x000000009f400000| Complete |  0
| 501|0x000000009f500000, 0x000000009f600000, 0x000000009f600000|100%|HS|  |TAMS 0x000000009f500000| PB 0x000000009f500000| Complete |  0
| 502|0x000000009f600000, 0x000000009f700000, 0x000000009f700000|100%|HC|  |TAMS 0x000000009f600000| PB 0x000000009f600000| Complete |  0
| 503|0x000000009f700000, 0x000000009f800000, 0x000000009f800000|100%|HS|  |TAMS 0x000000009f700000| PB 0x000000009f700000| Complete |  0
| 504|0x000000009f800000, 0x000000009f900000, 0x000000009f900000|100%|HC|  |TAMS 0x000000009f800000| PB 0x000000009f800000| Complete |  0
| 505|0x000000009f900000, 0x000000009fa00000, 0x000000009fa00000|100%|HS|  |TAMS 0x000000009f900000| PB 0x000000009f900000| Complete |  0
| 506|0x000000009fa00000, 0x000000009fb00000, 0x000000009fb00000|100%|HC|  |TAMS 0x000000009fa00000| PB 0x000000009fa00000| Complete |  0
| 507|0x000000009fb00000, 0x000000009fc00000, 0x000000009fc00000|100%|HS|  |TAMS 0x000000009fb00000| PB 0x000000009fb00000| Complete |  0
| 508|0x000000009fc00000, 0x000000009fd00000, 0x000000009fd00000|100%|HC|  |TAMS 0x000000009fc00000| PB 0x000000009fc00000| Complete |  0
| 509|0x000000009fd00000, 0x000000009fe00000, 0x000000009fe00000|100%|HS|  |TAMS 0x000000009fd00000| PB 0x000000009fd00000| Complete |  0
| 510|0x000000009fe00000, 0x000000009ff00000, 0x000000009ff00000|100%|HC|  |TAMS 0x000000009fe00000| PB 0x000000009fe00000| Complete |  0
| 511|0x000000009ff00000, 0x00000000a0000000, 0x00000000a0000000|100%|HS|  |TAMS 0x000000009ff00000| PB 0x000000009ff00000| Complete |  0
| 512|0x00000000a0000000, 0x00000000a0100000, 0x00000000a0100000|100%|HC|  |TAMS 0x00000000a0000000| PB 0x00000000a0000000| Complete |  0
| 513|0x00000000a0100000, 0x00000000a0200000, 0x00000000a0200000|100%|HS|  |TAMS 0x00000000a0100000| PB 0x00000000a0100000| Complete |  0
| 514|0x00000000a0200000, 0x00000000a0300000, 0x00000000a0300000|100%|HC|  |TAMS 0x00000000a0200000| PB 0x00000000a0200000| Complete |  0
| 515|0x00000000a0300000, 0x00000000a0400000, 0x00000000a0400000|100%|HS|  |TAMS 0x00000000a0300000| PB 0x00000000a0300000| Complete |  0
| 516|0x00000000a0400000, 0x00000000a0500000, 0x00000000a0500000|100%|HC|  |TAMS 0x00000000a0400000| PB 0x00000000a0400000| Complete |  0
| 517|0x00000000a0500000, 0x00000000a0600000, 0x00000000a0600000|100%|HS|  |TAMS 0x00000000a0500000| PB 0x00000000a0500000| Complete |  0
| 518|0x00000000a0600000, 0x00000000a0700000, 0x00000000a0700000|100%|HC|  |TAMS 0x00000000a0600000| PB 0x00000000a0600000| Complete |  0
| 519|0x00000000a0700000, 0x00000000a0800000, 0x00000000a0800000|100%|HS|  |TAMS 0x00000000a0700000| PB 0x00000000a0700000| Complete |  0
| 520|0x00000000a0800000, 0x00000000a0900000, 0x00000000a0900000|100%|HC|  |TAMS 0x00000000a0800000| PB 0x00000000a0800000| Complete |  0
| 521|0x00000000a0900000, 0x00000000a0a00000, 0x00000000a0a00000|100%|HS|  |TAMS 0x00000000a0900000| PB 0x00000000a0900000| Complete |  0
| 522|0x00000000a0a00000, 0x00000000a0b00000, 0x00000000a0b00000|100%|HC|  |TAMS 0x00000000a0a00000| PB 0x00000000a0a00000| Complete |  0
| 523|0x00000000a0b00000, 0x00000000a0c00000, 0x00000000a0c00000|100%|HS|  |TAMS 0x00000000a0b00000| PB 0x00000000a0b00000| Complete |  0
| 524|0x00000000a0c00000, 0x00000000a0d00000, 0x00000000a0d00000|100%|HC|  |TAMS 0x00000000a0c00000| PB 0x00000000a0c00000| Complete |  0
| 525|0x00000000a0d00000, 0x00000000a0e00000, 0x00000000a0e00000|100%|HS|  |TAMS 0x00000000a0d00000| PB 0x00000000a0d00000| Complete |  0
| 526|0x00000000a0e00000, 0x00000000a0f00000, 0x00000000a0f00000|100%|HC|  |TAMS 0x00000000a0e00000| PB 0x00000000a0e00000| Complete |  0
| 527|0x00000000a0f00000, 0x00000000a1000000, 0x00000000a1000000|100%|HS|  |TAMS 0x00000000a0f00000| PB 0x00000000a0f00000| Complete |  0
| 528|0x00000000a1000000, 0x00000000a1100000, 0x00000000a1100000|100%|HC|  |TAMS 0x00000000a1000000| PB 0x00000000a1000000| Complete |  0
| 529|0x00000000a1100000, 0x00000000a1200000, 0x00000000a1200000|100%|HS|  |TAMS 0x00000000a1100000| PB 0x00000000a1100000| Complete |  0
| 530|0x00000000a1200000, 0x00000000a1300000, 0x00000000a1300000|100%|HC|  |TAMS 0x00000000a1200000| PB 0x00000000a1200000| Complete |  0
| 531|0x00000000a1300000, 0x00000000a1400000, 0x00000000a1400000|100%|HS|  |TAMS 0x00000000a1300000| PB 0x00000000a1300000| Complete |  0
| 532|0x00000000a1400000, 0x00000000a1500000, 0x00000000a1500000|100%|HC|  |TAMS 0x00000000a1400000| PB 0x00000000a1400000| Complete |  0
| 533|0x00000000a1500000, 0x00000000a1600000, 0x00000000a1600000|100%|HS|  |TAMS 0x00000000a1500000| PB 0x00000000a1500000| Complete |  0
| 534|0x00000000a1600000, 0x00000000a1700000, 0x00000000a1700000|100%|HC|  |TAMS 0x00000000a1600000| PB 0x00000000a1600000| Complete |  0
| 535|0x00000000a1700000, 0x00000000a1800000, 0x00000000a1800000|100%|HS|  |TAMS 0x00000000a1700000| PB 0x00000000a1700000| Complete |  0
| 536|0x00000000a1800000, 0x00000000a1900000, 0x00000000a1900000|100%|HC|  |TAMS 0x00000000a1800000| PB 0x00000000a1800000| Complete |  0
| 537|0x00000000a1900000, 0x00000000a1a00000, 0x00000000a1a00000|100%|HS|  |TAMS 0x00000000a1900000| PB 0x00000000a1900000| Complete |  0
| 538|0x00000000a1a00000, 0x00000000a1b00000, 0x00000000a1b00000|100%|HC|  |TAMS 0x00000000a1a00000| PB 0x00000000a1a00000| Complete |  0
| 539|0x00000000a1b00000, 0x00000000a1c00000, 0x00000000a1c00000|100%|HS|  |TAMS 0x00000000a1b00000| PB 0x00000000a1b00000| Complete |  0
| 540|0x00000000a1c00000, 0x00000000a1d00000, 0x00000000a1d00000|100%|HC|  |TAMS 0x00000000a1c00000| PB 0x00000000a1c00000| Complete |  0
| 541|0x00000000a1d00000, 0x00000000a1e00000, 0x00000000a1e00000|100%|HS|  |TAMS 0x00000000a1d00000| PB 0x00000000a1d00000| Complete |  0
| 542|0x00000000a1e00000, 0x00000000a1f00000, 0x00000000a1f00000|100%|HC|  |TAMS 0x00000000a1e00000| PB 0x00000000a1e00000| Complete |  0
| 543|0x00000000a1f00000, 0x00000000a2000000, 0x00000000a2000000|100%|HS|  |TAMS 0x00000000a1f00000| PB 0x00000000a1f00000| Complete |  0
| 544|0x00000000a2000000, 0x00000000a2100000, 0x00000000a2100000|100%|HC|  |TAMS 0x00000000a2000000| PB 0x00000000a2000000| Complete |  0
| 545|0x00000000a2100000, 0x00000000a2200000, 0x00000000a2200000|100%|HS|  |TAMS 0x00000000a2100000| PB 0x00000000a2100000| Complete |  0
| 546|0x00000000a2200000, 0x00000000a2300000, 0x00000000a2300000|100%|HC|  |TAMS 0x00000000a2200000| PB 0x00000000a2200000| Complete |  0
| 547|0x00000000a2300000, 0x00000000a2400000, 0x00000000a2400000|100%|HS|  |TAMS 0x00000000a2300000| PB 0x00000000a2300000| Complete |  0
| 548|0x00000000a2400000, 0x00000000a2500000, 0x00000000a2500000|100%|HC|  |TAMS 0x00000000a2400000| PB 0x00000000a2400000| Complete |  0
| 549|0x00000000a2500000, 0x00000000a2600000, 0x00000000a2600000|100%|HS|  |TAMS 0x00000000a2500000| PB 0x00000000a2500000| Complete |  0
| 550|0x00000000a2600000, 0x00000000a2700000, 0x00000000a2700000|100%|HC|  |TAMS 0x00000000a2600000| PB 0x00000000a2600000| Complete |  0
| 551|0x00000000a2700000, 0x00000000a2800000, 0x00000000a2800000|100%|HS|  |TAMS 0x00000000a2700000| PB 0x00000000a2700000| Complete |  0
| 552|0x00000000a2800000, 0x00000000a2900000, 0x00000000a2900000|100%|HC|  |TAMS 0x00000000a2800000| PB 0x00000000a2800000| Complete |  0
| 553|0x00000000a2900000, 0x00000000a2a00000, 0x00000000a2a00000|100%|HS|  |TAMS 0x00000000a2900000| PB 0x00000000a2900000| Complete |  0
| 554|0x00000000a2a00000, 0x00000000a2b00000, 0x00000000a2b00000|100%|HC|  |TAMS 0x00000000a2a00000| PB 0x00000000a2a00000| Complete |  0
| 555|0x00000000a2b00000, 0x00000000a2c00000, 0x00000000a2c00000|100%|HS|  |TAMS 0x00000000a2b00000| PB 0x00000000a2b00000| Complete |  0
| 556|0x00000000a2c00000, 0x00000000a2d00000, 0x00000000a2d00000|100%|HC|  |TAMS 0x00000000a2c00000| PB 0x00000000a2c00000| Complete |  0
| 557|0x00000000a2d00000, 0x00000000a2e00000, 0x00000000a2e00000|100%|HS|  |TAMS 0x00000000a2d00000| PB 0x00000000a2d00000| Complete |  0
| 558|0x00000000a2e00000, 0x00000000a2f00000, 0x00000000a2f00000|100%|HC|  |TAMS 0x00000000a2e00000| PB 0x00000000a2e00000| Complete |  0
| 559|0x00000000a2f00000, 0x00000000a3000000, 0x00000000a3000000|100%|HS|  |TAMS 0x00000000a2f00000| PB 0x00000000a2f00000| Complete |  0
| 560|0x00000000a3000000, 0x00000000a3100000, 0x00000000a3100000|100%|HC|  |TAMS 0x00000000a3000000| PB 0x00000000a3000000| Complete |  0
| 561|0x00000000a3100000, 0x00000000a3200000, 0x00000000a3200000|100%|HS|  |TAMS 0x00000000a3100000| PB 0x00000000a3100000| Complete |  0
| 562|0x00000000a3200000, 0x00000000a3300000, 0x00000000a3300000|100%|HC|  |TAMS 0x00000000a3200000| PB 0x00000000a3200000| Complete |  0
| 563|0x00000000a3300000, 0x00000000a3400000, 0x00000000a3400000|100%|HS|  |TAMS 0x00000000a3300000| PB 0x00000000a3300000| Complete |  0
| 564|0x00000000a3400000, 0x00000000a3500000, 0x00000000a3500000|100%|HC|  |TAMS 0x00000000a3400000| PB 0x00000000a3400000| Complete |  0
| 565|0x00000000a3500000, 0x00000000a3600000, 0x00000000a3600000|100%|HS|  |TAMS 0x00000000a3500000| PB 0x00000000a3500000| Complete |  0
| 566|0x00000000a3600000, 0x00000000a3700000, 0x00000000a3700000|100%|HC|  |TAMS 0x00000000a3600000| PB 0x00000000a3600000| Complete |  0
| 567|0x00000000a3700000, 0x00000000a3800000, 0x00000000a3800000|100%|HS|  |TAMS 0x00000000a3700000| PB 0x00000000a3700000| Complete |  0
| 568|0x00000000a3800000, 0x00000000a3900000, 0x00000000a3900000|100%|HC|  |TAMS 0x00000000a3800000| PB 0x00000000a3800000| Complete |  0
| 569|0x00000000a3900000, 0x00000000a3a00000, 0x00000000a3a00000|100%|HS|  |TAMS 0x00000000a3900000| PB 0x00000000a3900000| Complete |  0
| 570|0x00000000a3a00000, 0x00000000a3b00000, 0x00000000a3b00000|100%|HC|  |TAMS 0x00000000a3a00000| PB 0x00000000a3a00000| Complete |  0
| 571|0x00000000a3b00000, 0x00000000a3c00000, 0x00000000a3c00000|100%|HS|  |TAMS 0x00000000a3b00000| PB 0x00000000a3b00000| Complete |  0
| 572|0x00000000a3c00000, 0x00000000a3d00000, 0x00000000a3d00000|100%|HC|  |TAMS 0x00000000a3c00000| PB 0x00000000a3c00000| Complete |  0
| 573|0x00000000a3d00000, 0x00000000a3e00000, 0x00000000a3e00000|100%|HS|  |TAMS 0x00000000a3d00000| PB 0x00000000a3d00000| Complete |  0
| 574|0x00000000a3e00000, 0x00000000a3f00000, 0x00000000a3f00000|100%|HC|  |TAMS 0x00000000a3e00000| PB 0x00000000a3e00000| Complete |  0
| 575|0x00000000a3f00000, 0x00000000a4000000, 0x00000000a4000000|100%|HS|  |TAMS 0x00000000a3f00000| PB 0x00000000a3f00000| Complete |  0
| 576|0x00000000a4000000, 0x00000000a4100000, 0x00000000a4100000|100%|HC|  |TAMS 0x00000000a4000000| PB 0x00000000a4000000| Complete |  0
| 577|0x00000000a4100000, 0x00000000a4200000, 0x00000000a4200000|100%|HS|  |TAMS 0x00000000a4100000| PB 0x00000000a4100000| Complete |  0
| 578|0x00000000a4200000, 0x00000000a4300000, 0x00000000a4300000|100%|HC|  |TAMS 0x00000000a4200000| PB 0x00000000a4200000| Complete |  0
| 579|0x00000000a4300000, 0x00000000a4400000, 0x00000000a4400000|100%|HS|  |TAMS 0x00000000a4300000| PB 0x00000000a4300000| Complete |  0
| 580|0x00000000a4400000, 0x00000000a4500000, 0x00000000a4500000|100%|HC|  |TAMS 0x00000000a4400000| PB 0x00000000a4400000| Complete |  0
| 581|0x00000000a4500000, 0x00000000a4600000, 0x00000000a4600000|100%|HS|  |TAMS 0x00000000a4500000| PB 0x00000000a4500000| Complete |  0
| 582|0x00000000a4600000, 0x00000000a4700000, 0x00000000a4700000|100%|HC|  |TAMS 0x00000000a4600000| PB 0x00000000a4600000| Complete |  0
| 583|0x00000000a4700000, 0x00000000a4800000, 0x00000000a4800000|100%|HS|  |TAMS 0x00000000a4700000| PB 0x00000000a4700000| Complete |  0
| 584|0x00000000a4800000, 0x00000000a4900000, 0x00000000a4900000|100%|HC|  |TAMS 0x00000000a4800000| PB 0x00000000a4800000| Complete |  0
| 585|0x00000000a4900000, 0x00000000a4a00000, 0x00000000a4a00000|100%|HS|  |TAMS 0x00000000a4900000| PB 0x00000000a4900000| Complete |  0
| 586|0x00000000a4a00000, 0x00000000a4b00000, 0x00000000a4b00000|100%|HC|  |TAMS 0x00000000a4a00000| PB 0x00000000a4a00000| Complete |  0
| 587|0x00000000a4b00000, 0x00000000a4c00000, 0x00000000a4c00000|100%|HS|  |TAMS 0x00000000a4b00000| PB 0x00000000a4b00000| Complete |  0
| 588|0x00000000a4c00000, 0x00000000a4d00000, 0x00000000a4d00000|100%|HC|  |TAMS 0x00000000a4c00000| PB 0x00000000a4c00000| Complete |  0
| 589|0x00000000a4d00000, 0x00000000a4e00000, 0x00000000a4e00000|100%|HS|  |TAMS 0x00000000a4d00000| PB 0x00000000a4d00000| Complete |  0
| 590|0x00000000a4e00000, 0x00000000a4f00000, 0x00000000a4f00000|100%|HC|  |TAMS 0x00000000a4e00000| PB 0x00000000a4e00000| Complete |  0
| 591|0x00000000a4f00000, 0x00000000a5000000, 0x00000000a5000000|100%|HS|  |TAMS 0x00000000a4f00000| PB 0x00000000a4f00000| Complete |  0
| 592|0x00000000a5000000, 0x00000000a5100000, 0x00000000a5100000|100%|HC|  |TAMS 0x00000000a5000000| PB 0x00000000a5000000| Complete |  0
| 593|0x00000000a5100000, 0x00000000a5200000, 0x00000000a5200000|100%|HS|  |TAMS 0x00000000a5100000| PB 0x00000000a5100000| Complete |  0
| 594|0x00000000a5200000, 0x00000000a5300000, 0x00000000a5300000|100%|HC|  |TAMS 0x00000000a5200000| PB 0x00000000a5200000| Complete |  0
| 595|0x00000000a5300000, 0x00000000a5400000, 0x00000000a5400000|100%|HS|  |TAMS 0x00000000a5300000| PB 0x00000000a5300000| Complete |  0
| 596|0x00000000a5400000, 0x00000000a5500000, 0x00000000a5500000|100%|HC|  |TAMS 0x00000000a5400000| PB 0x00000000a5400000| Complete |  0
| 597|0x00000000a5500000, 0x00000000a5600000, 0x00000000a5600000|100%|HS|  |TAMS 0x00000000a5500000| PB 0x00000000a5500000| Complete |  0
| 598|0x00000000a5600000, 0x00000000a5700000, 0x00000000a5700000|100%|HC|  |TAMS 0x00000000a5600000| PB 0x00000000a5600000| Complete |  0
| 599|0x00000000a5700000, 0x00000000a5800000, 0x00000000a5800000|100%|HS|  |TAMS 0x00000000a5700000| PB 0x00000000a5700000| Complete |  0
| 600|0x00000000a5800000, 0x00000000a5900000, 0x00000000a5900000|100%|HC|  |TAMS 0x00000000a5800000| PB 0x00000000a5800000| Complete |  0
| 601|0x00000000a5900000, 0x00000000a5a00000, 0x00000000a5a00000|100%|HS|  |TAMS 0x00000000a5900000| PB 0x00000000a5900000| Complete |  0
| 602|0x00000000a5a00000, 0x00000000a5b00000, 0x00000000a5b00000|100%|HC|  |TAMS 0x00000000a5a00000| PB 0x00000000a5a00000| Complete |  0
| 603|0x00000000a5b00000, 0x00000000a5c00000, 0x00000000a5c00000|100%|HS|  |TAMS 0x00000000a5b00000| PB 0x00000000a5b00000| Complete |  0
| 604|0x00000000a5c00000, 0x00000000a5d00000, 0x00000000a5d00000|100%|HC|  |TAMS 0x00000000a5c00000| PB 0x00000000a5c00000| Complete |  0
| 605|0x00000000a5d00000, 0x00000000a5e00000, 0x00000000a5e00000|100%|HS|  |TAMS 0x00000000a5d00000| PB 0x00000000a5d00000| Complete |  0
| 606|0x00000000a5e00000, 0x00000000a5f00000, 0x00000000a5f00000|100%|HC|  |TAMS 0x00000000a5e00000| PB 0x00000000a5e00000| Complete |  0
| 607|0x00000000a5f00000, 0x00000000a6000000, 0x00000000a6000000|100%|HS|  |TAMS 0x00000000a5f00000| PB 0x00000000a5f00000| Complete |  0
| 608|0x00000000a6000000, 0x00000000a6100000, 0x00000000a6100000|100%|HC|  |TAMS 0x00000000a6000000| PB 0x00000000a6000000| Complete |  0
| 609|0x00000000a6100000, 0x00000000a6200000, 0x00000000a6200000|100%|HS|  |TAMS 0x00000000a6100000| PB 0x00000000a6100000| Complete |  0
| 610|0x00000000a6200000, 0x00000000a6300000, 0x00000000a6300000|100%|HC|  |TAMS 0x00000000a6200000| PB 0x00000000a6200000| Complete |  0
| 611|0x00000000a6300000, 0x00000000a6400000, 0x00000000a6400000|100%|HS|  |TAMS 0x00000000a6300000| PB 0x00000000a6300000| Complete |  0
| 612|0x00000000a6400000, 0x00000000a6500000, 0x00000000a6500000|100%|HC|  |TAMS 0x00000000a6400000| PB 0x00000000a6400000| Complete |  0
| 613|0x00000000a6500000, 0x00000000a6600000, 0x00000000a6600000|100%|HS|  |TAMS 0x00000000a6500000| PB 0x00000000a6500000| Complete |  0
| 614|0x00000000a6600000, 0x00000000a6700000, 0x00000000a6700000|100%|HC|  |TAMS 0x00000000a6600000| PB 0x00000000a6600000| Complete |  0
| 615|0x00000000a6700000, 0x00000000a6800000, 0x00000000a6800000|100%|HS|  |TAMS 0x00000000a6700000| PB 0x00000000a6700000| Complete |  0
| 616|0x00000000a6800000, 0x00000000a6900000, 0x00000000a6900000|100%|HC|  |TAMS 0x00000000a6800000| PB 0x00000000a6800000| Complete |  0
| 617|0x00000000a6900000, 0x00000000a6a00000, 0x00000000a6a00000|100%|HS|  |TAMS 0x00000000a6900000| PB 0x00000000a6900000| Complete |  0
| 618|0x00000000a6a00000, 0x00000000a6b00000, 0x00000000a6b00000|100%|HC|  |TAMS 0x00000000a6a00000| PB 0x00000000a6a00000| Complete |  0
| 619|0x00000000a6b00000, 0x00000000a6c00000, 0x00000000a6c00000|100%|HS|  |TAMS 0x00000000a6b00000| PB 0x00000000a6b00000| Complete |  0
| 620|0x00000000a6c00000, 0x00000000a6d00000, 0x00000000a6d00000|100%|HC|  |TAMS 0x00000000a6c00000| PB 0x00000000a6c00000| Complete |  0
| 621|0x00000000a6d00000, 0x00000000a6e00000, 0x00000000a6e00000|100%|HS|  |TAMS 0x00000000a6d00000| PB 0x00000000a6d00000| Complete |  0
| 622|0x00000000a6e00000, 0x00000000a6f00000, 0x00000000a6f00000|100%|HC|  |TAMS 0x00000000a6e00000| PB 0x00000000a6e00000| Complete |  0
| 623|0x00000000a6f00000, 0x00000000a7000000, 0x00000000a7000000|100%|HS|  |TAMS 0x00000000a6f00000| PB 0x00000000a6f00000| Complete |  0
| 624|0x00000000a7000000, 0x00000000a7100000, 0x00000000a7100000|100%|HC|  |TAMS 0x00000000a7000000| PB 0x00000000a7000000| Complete |  0
| 625|0x00000000a7100000, 0x00000000a7200000, 0x00000000a7200000|100%|HS|  |TAMS 0x00000000a7100000| PB 0x00000000a7100000| Complete |  0
| 626|0x00000000a7200000, 0x00000000a7300000, 0x00000000a7300000|100%|HC|  |TAMS 0x00000000a7200000| PB 0x00000000a7200000| Complete |  0
| 627|0x00000000a7300000, 0x00000000a7400000, 0x00000000a7400000|100%|HS|  |TAMS 0x00000000a7300000| PB 0x00000000a7300000| Complete |  0
| 628|0x00000000a7400000, 0x00000000a7500000, 0x00000000a7500000|100%|HC|  |TAMS 0x00000000a7400000| PB 0x00000000a7400000| Complete |  0
| 629|0x00000000a7500000, 0x00000000a7600000, 0x00000000a7600000|100%|HS|  |TAMS 0x00000000a7500000| PB 0x00000000a7500000| Complete |  0
| 630|0x00000000a7600000, 0x00000000a7700000, 0x00000000a7700000|100%|HC|  |TAMS 0x00000000a7600000| PB 0x00000000a7600000| Complete |  0
| 631|0x00000000a7700000, 0x00000000a7800000, 0x00000000a7800000|100%|HS|  |TAMS 0x00000000a7700000| PB 0x00000000a7700000| Complete |  0
| 632|0x00000000a7800000, 0x00000000a7900000, 0x00000000a7900000|100%|HC|  |TAMS 0x00000000a7800000| PB 0x00000000a7800000| Complete |  0
| 633|0x00000000a7900000, 0x00000000a7a00000, 0x00000000a7a00000|100%|HS|  |TAMS 0x00000000a7900000| PB 0x00000000a7900000| Complete |  0
| 634|0x00000000a7a00000, 0x00000000a7b00000, 0x00000000a7b00000|100%|HC|  |TAMS 0x00000000a7a00000| PB 0x00000000a7a00000| Complete |  0
| 635|0x00000000a7b00000, 0x00000000a7c00000, 0x00000000a7c00000|100%|HS|  |TAMS 0x00000000a7b00000| PB 0x00000000a7b00000| Complete |  0
| 636|0x00000000a7c00000, 0x00000000a7d00000, 0x00000000a7d00000|100%|HC|  |TAMS 0x00000000a7c00000| PB 0x00000000a7c00000| Complete |  0
| 637|0x00000000a7d00000, 0x00000000a7e00000, 0x00000000a7e00000|100%|HS|  |TAMS 0x00000000a7d00000| PB 0x00000000a7d00000| Complete |  0
| 638|0x00000000a7e00000, 0x00000000a7f00000, 0x00000000a7f00000|100%|HC|  |TAMS 0x00000000a7e00000| PB 0x00000000a7e00000| Complete |  0
| 639|0x00000000a7f00000, 0x00000000a8000000, 0x00000000a8000000|100%|HS|  |TAMS 0x00000000a7f00000| PB 0x00000000a7f00000| Complete |  0
| 640|0x00000000a8000000, 0x00000000a8100000, 0x00000000a8100000|100%|HC|  |TAMS 0x00000000a8000000| PB 0x00000000a8000000| Complete |  0
| 641|0x00000000a8100000, 0x00000000a8200000, 0x00000000a8200000|100%|HS|  |TAMS 0x00000000a8100000| PB 0x00000000a8100000| Complete |  0
| 642|0x00000000a8200000, 0x00000000a8300000, 0x00000000a8300000|100%|HC|  |TAMS 0x00000000a8200000| PB 0x00000000a8200000| Complete |  0
| 643|0x00000000a8300000, 0x00000000a8400000, 0x00000000a8400000|100%|HS|  |TAMS 0x00000000a8300000| PB 0x00000000a8300000| Complete |  0
| 644|0x00000000a8400000, 0x00000000a8500000, 0x00000000a8500000|100%|HC|  |TAMS 0x00000000a8400000| PB 0x00000000a8400000| Complete |  0
| 645|0x00000000a8500000, 0x00000000a8600000, 0x00000000a8600000|100%|HS|  |TAMS 0x00000000a8500000| PB 0x00000000a8500000| Complete |  0
| 646|0x00000000a8600000, 0x00000000a8700000, 0x00000000a8700000|100%|HC|  |TAMS 0x00000000a8600000| PB 0x00000000a8600000| Complete |  0
| 647|0x00000000a8700000, 0x00000000a8800000, 0x00000000a8800000|100%|HS|  |TAMS 0x00000000a8700000| PB 0x00000000a8700000| Complete |  0
| 648|0x00000000a8800000, 0x00000000a8900000, 0x00000000a8900000|100%|HC|  |TAMS 0x00000000a8800000| PB 0x00000000a8800000| Complete |  0
| 649|0x00000000a8900000, 0x00000000a8a00000, 0x00000000a8a00000|100%|HS|  |TAMS 0x00000000a8900000| PB 0x00000000a8900000| Complete |  0
| 650|0x00000000a8a00000, 0x00000000a8b00000, 0x00000000a8b00000|100%|HC|  |TAMS 0x00000000a8a00000| PB 0x00000000a8a00000| Complete |  0
| 651|0x00000000a8b00000, 0x00000000a8c00000, 0x00000000a8c00000|100%|HS|  |TAMS 0x00000000a8b00000| PB 0x00000000a8b00000| Complete |  0
| 652|0x00000000a8c00000, 0x00000000a8d00000, 0x00000000a8d00000|100%|HC|  |TAMS 0x00000000a8c00000| PB 0x00000000a8c00000| Complete |  0
| 653|0x00000000a8d00000, 0x00000000a8e00000, 0x00000000a8e00000|100%|HS|  |TAMS 0x00000000a8d00000| PB 0x00000000a8d00000| Complete |  0
| 654|0x00000000a8e00000, 0x00000000a8f00000, 0x00000000a8f00000|100%|HC|  |TAMS 0x00000000a8e00000| PB 0x00000000a8e00000| Complete |  0
| 655|0x00000000a8f00000, 0x00000000a9000000, 0x00000000a9000000|100%|HS|  |TAMS 0x00000000a8f00000| PB 0x00000000a8f00000| Complete |  0
| 656|0x00000000a9000000, 0x00000000a9100000, 0x00000000a9100000|100%|HC|  |TAMS 0x00000000a9000000| PB 0x00000000a9000000| Complete |  0
| 657|0x00000000a9100000, 0x00000000a9200000, 0x00000000a9200000|100%|HS|  |TAMS 0x00000000a9100000| PB 0x00000000a9100000| Complete |  0
| 658|0x00000000a9200000, 0x00000000a9300000, 0x00000000a9300000|100%|HC|  |TAMS 0x00000000a9200000| PB 0x00000000a9200000| Complete |  0
| 659|0x00000000a9300000, 0x00000000a9400000, 0x00000000a9400000|100%|HS|  |TAMS 0x00000000a9300000| PB 0x00000000a9300000| Complete |  0
| 660|0x00000000a9400000, 0x00000000a9500000, 0x00000000a9500000|100%|HC|  |TAMS 0x00000000a9400000| PB 0x00000000a9400000| Complete |  0
| 661|0x00000000a9500000, 0x00000000a9600000, 0x00000000a9600000|100%|HS|  |TAMS 0x00000000a9500000| PB 0x00000000a9500000| Complete |  0
| 662|0x00000000a9600000, 0x00000000a9700000, 0x00000000a9700000|100%|HC|  |TAMS 0x00000000a9600000| PB 0x00000000a9600000| Complete |  0
| 663|0x00000000a9700000, 0x00000000a9800000, 0x00000000a9800000|100%|HS|  |TAMS 0x00000000a9700000| PB 0x00000000a9700000| Complete |  0
| 664|0x00000000a9800000, 0x00000000a9900000, 0x00000000a9900000|100%|HC|  |TAMS 0x00000000a9800000| PB 0x00000000a9800000| Complete |  0
| 665|0x00000000a9900000, 0x00000000a9a00000, 0x00000000a9a00000|100%|HS|  |TAMS 0x00000000a9900000| PB 0x00000000a9900000| Complete |  0
| 666|0x00000000a9a00000, 0x00000000a9b00000, 0x00000000a9b00000|100%|HC|  |TAMS 0x00000000a9a00000| PB 0x00000000a9a00000| Complete |  0
| 667|0x00000000a9b00000, 0x00000000a9c00000, 0x00000000a9c00000|100%|HS|  |TAMS 0x00000000a9b00000| PB 0x00000000a9b00000| Complete |  0
| 668|0x00000000a9c00000, 0x00000000a9d00000, 0x00000000a9d00000|100%|HC|  |TAMS 0x00000000a9c00000| PB 0x00000000a9c00000| Complete |  0
| 669|0x00000000a9d00000, 0x00000000a9e00000, 0x00000000a9e00000|100%|HS|  |TAMS 0x00000000a9d00000| PB 0x00000000a9d00000| Complete |  0
| 670|0x00000000a9e00000, 0x00000000a9f00000, 0x00000000a9f00000|100%|HC|  |TAMS 0x00000000a9e00000| PB 0x00000000a9e00000| Complete |  0
| 671|0x00000000a9f00000, 0x00000000aa000000, 0x00000000aa000000|100%|HS|  |TAMS 0x00000000a9f00000| PB 0x00000000a9f00000| Complete |  0
| 672|0x00000000aa000000, 0x00000000aa100000, 0x00000000aa100000|100%|HC|  |TAMS 0x00000000aa000000| PB 0x00000000aa000000| Complete |  0
| 673|0x00000000aa100000, 0x00000000aa200000, 0x00000000aa200000|100%|HS|  |TAMS 0x00000000aa100000| PB 0x00000000aa100000| Complete |  0
| 674|0x00000000aa200000, 0x00000000aa300000, 0x00000000aa300000|100%|HC|  |TAMS 0x00000000aa200000| PB 0x00000000aa200000| Complete |  0
| 675|0x00000000aa300000, 0x00000000aa400000, 0x00000000aa400000|100%|HS|  |TAMS 0x00000000aa300000| PB 0x00000000aa300000| Complete |  0
| 676|0x00000000aa400000, 0x00000000aa500000, 0x00000000aa500000|100%|HC|  |TAMS 0x00000000aa400000| PB 0x00000000aa400000| Complete |  0
| 677|0x00000000aa500000, 0x00000000aa600000, 0x00000000aa600000|100%|HS|  |TAMS 0x00000000aa500000| PB 0x00000000aa500000| Complete |  0
| 678|0x00000000aa600000, 0x00000000aa700000, 0x00000000aa700000|100%|HC|  |TAMS 0x00000000aa600000| PB 0x00000000aa600000| Complete |  0
| 679|0x00000000aa700000, 0x00000000aa800000, 0x00000000aa800000|100%|HS|  |TAMS 0x00000000aa700000| PB 0x00000000aa700000| Complete |  0
| 680|0x00000000aa800000, 0x00000000aa900000, 0x00000000aa900000|100%|HC|  |TAMS 0x00000000aa800000| PB 0x00000000aa800000| Complete |  0
| 681|0x00000000aa900000, 0x00000000aaa00000, 0x00000000aaa00000|100%|HS|  |TAMS 0x00000000aa900000| PB 0x00000000aa900000| Complete |  0
| 682|0x00000000aaa00000, 0x00000000aab00000, 0x00000000aab00000|100%|HC|  |TAMS 0x00000000aaa00000| PB 0x00000000aaa00000| Complete |  0
| 683|0x00000000aab00000, 0x00000000aac00000, 0x00000000aac00000|100%|HS|  |TAMS 0x00000000aab00000| PB 0x00000000aab00000| Complete |  0
| 684|0x00000000aac00000, 0x00000000aad00000, 0x00000000aad00000|100%|HC|  |TAMS 0x00000000aac00000| PB 0x00000000aac00000| Complete |  0
| 685|0x00000000aad00000, 0x00000000aae00000, 0x00000000aae00000|100%|HS|  |TAMS 0x00000000aad00000| PB 0x00000000aad00000| Complete |  0
| 686|0x00000000aae00000, 0x00000000aaf00000, 0x00000000aaf00000|100%|HC|  |TAMS 0x00000000aae00000| PB 0x00000000aae00000| Complete |  0
| 687|0x00000000aaf00000, 0x00000000ab000000, 0x00000000ab000000|100%|HS|  |TAMS 0x00000000aaf00000| PB 0x00000000aaf00000| Complete |  0
| 688|0x00000000ab000000, 0x00000000ab100000, 0x00000000ab100000|100%|HC|  |TAMS 0x00000000ab000000| PB 0x00000000ab000000| Complete |  0
| 689|0x00000000ab100000, 0x00000000ab200000, 0x00000000ab200000|100%|HS|  |TAMS 0x00000000ab100000| PB 0x00000000ab100000| Complete |  0
| 690|0x00000000ab200000, 0x00000000ab300000, 0x00000000ab300000|100%|HC|  |TAMS 0x00000000ab200000| PB 0x00000000ab200000| Complete |  0
| 691|0x00000000ab300000, 0x00000000ab400000, 0x00000000ab400000|100%|HS|  |TAMS 0x00000000ab300000| PB 0x00000000ab300000| Complete |  0
| 692|0x00000000ab400000, 0x00000000ab500000, 0x00000000ab500000|100%|HC|  |TAMS 0x00000000ab400000| PB 0x00000000ab400000| Complete |  0
| 693|0x00000000ab500000, 0x00000000ab600000, 0x00000000ab600000|100%|HS|  |TAMS 0x00000000ab500000| PB 0x00000000ab500000| Complete |  0
| 694|0x00000000ab600000, 0x00000000ab700000, 0x00000000ab700000|100%|HC|  |TAMS 0x00000000ab600000| PB 0x00000000ab600000| Complete |  0
| 695|0x00000000ab700000, 0x00000000ab800000, 0x00000000ab800000|100%|HS|  |TAMS 0x00000000ab700000| PB 0x00000000ab700000| Complete |  0
| 696|0x00000000ab800000, 0x00000000ab900000, 0x00000000ab900000|100%|HC|  |TAMS 0x00000000ab800000| PB 0x00000000ab800000| Complete |  0
| 697|0x00000000ab900000, 0x00000000aba00000, 0x00000000aba00000|100%|HS|  |TAMS 0x00000000ab900000| PB 0x00000000ab900000| Complete |  0
| 698|0x00000000aba00000, 0x00000000abb00000, 0x00000000abb00000|100%|HC|  |TAMS 0x00000000aba00000| PB 0x00000000aba00000| Complete |  0
| 699|0x00000000abb00000, 0x00000000abc00000, 0x00000000abc00000|100%|HS|  |TAMS 0x00000000abb00000| PB 0x00000000abb00000| Complete |  0
| 700|0x00000000abc00000, 0x00000000abd00000, 0x00000000abd00000|100%|HC|  |TAMS 0x00000000abc00000| PB 0x00000000abc00000| Complete |  0
| 701|0x00000000abd00000, 0x00000000abe00000, 0x00000000abe00000|100%|HS|  |TAMS 0x00000000abd00000| PB 0x00000000abd00000| Complete |  0
| 702|0x00000000abe00000, 0x00000000abf00000, 0x00000000abf00000|100%|HC|  |TAMS 0x00000000abe00000| PB 0x00000000abe00000| Complete |  0
| 703|0x00000000abf00000, 0x00000000ac000000, 0x00000000ac000000|100%|HS|  |TAMS 0x00000000abf00000| PB 0x00000000abf00000| Complete |  0
| 704|0x00000000ac000000, 0x00000000ac100000, 0x00000000ac100000|100%|HC|  |TAMS 0x00000000ac000000| PB 0x00000000ac000000| Complete |  0
| 705|0x00000000ac100000, 0x00000000ac200000, 0x00000000ac200000|100%|HS|  |TAMS 0x00000000ac100000| PB 0x00000000ac100000| Complete |  0
| 706|0x00000000ac200000, 0x00000000ac300000, 0x00000000ac300000|100%|HC|  |TAMS 0x00000000ac200000| PB 0x00000000ac200000| Complete |  0
| 707|0x00000000ac300000, 0x00000000ac400000, 0x00000000ac400000|100%|HS|  |TAMS 0x00000000ac300000| PB 0x00000000ac300000| Complete |  0
| 708|0x00000000ac400000, 0x00000000ac500000, 0x00000000ac500000|100%|HC|  |TAMS 0x00000000ac400000| PB 0x00000000ac400000| Complete |  0
| 709|0x00000000ac500000, 0x00000000ac600000, 0x00000000ac600000|100%|HS|  |TAMS 0x00000000ac500000| PB 0x00000000ac500000| Complete |  0
| 710|0x00000000ac600000, 0x00000000ac700000, 0x00000000ac700000|100%|HC|  |TAMS 0x00000000ac600000| PB 0x00000000ac600000| Complete |  0
| 711|0x00000000ac700000, 0x00000000ac800000, 0x00000000ac800000|100%|HS|  |TAMS 0x00000000ac700000| PB 0x00000000ac700000| Complete |  0
| 712|0x00000000ac800000, 0x00000000ac900000, 0x00000000ac900000|100%|HC|  |TAMS 0x00000000ac800000| PB 0x00000000ac800000| Complete |  0
| 713|0x00000000ac900000, 0x00000000aca00000, 0x00000000aca00000|100%|HS|  |TAMS 0x00000000ac900000| PB 0x00000000ac900000| Complete |  0
| 714|0x00000000aca00000, 0x00000000acb00000, 0x00000000acb00000|100%|HC|  |TAMS 0x00000000aca00000| PB 0x00000000aca00000| Complete |  0
| 715|0x00000000acb00000, 0x00000000acc00000, 0x00000000acc00000|100%|HS|  |TAMS 0x00000000acb00000| PB 0x00000000acb00000| Complete |  0
| 716|0x00000000acc00000, 0x00000000acd00000, 0x00000000acd00000|100%|HC|  |TAMS 0x00000000acc00000| PB 0x00000000acc00000| Complete |  0
| 717|0x00000000acd00000, 0x00000000acd35010, 0x00000000ace00000| 20%| E|  |TAMS 0x00000000acd00000| PB 0x00000000acd00000| Complete |  0
| 718|0x00000000ace00000, 0x00000000acf00000, 0x00000000acf00000|100%| E|CS|TAMS 0x00000000ace00000| PB 0x00000000ace00000| Complete |  0
| 719|0x00000000acf00000, 0x00000000ad000000, 0x00000000ad000000|100%| E|CS|TAMS 0x00000000acf00000| PB 0x00000000acf00000| Complete |  0
| 720|0x00000000ad000000, 0x00000000ad100000, 0x00000000ad100000|100%| E|CS|TAMS 0x00000000ad000000| PB 0x00000000ad000000| Complete |  0
| 721|0x00000000ad100000, 0x00000000ad200000, 0x00000000ad200000|100%| E|CS|TAMS 0x00000000ad100000| PB 0x00000000ad100000| Complete |  0
| 722|0x00000000ad200000, 0x00000000ad300000, 0x00000000ad300000|100%| E|CS|TAMS 0x00000000ad200000| PB 0x00000000ad200000| Complete |  0
| 723|0x00000000ad300000, 0x00000000ad400000, 0x00000000ad400000|100%| E|CS|TAMS 0x00000000ad300000| PB 0x00000000ad300000| Complete |  0
| 724|0x00000000ad400000, 0x00000000ad500000, 0x00000000ad500000|100%| E|CS|TAMS 0x00000000ad400000| PB 0x00000000ad400000| Complete |  0
| 725|0x00000000ad500000, 0x00000000ad600000, 0x00000000ad600000|100%| E|CS|TAMS 0x00000000ad500000| PB 0x00000000ad500000| Complete |  0
| 726|0x00000000ad600000, 0x00000000ad700000, 0x00000000ad700000|100%| E|CS|TAMS 0x00000000ad600000| PB 0x00000000ad600000| Complete |  0
| 727|0x00000000ad700000, 0x00000000ad800000, 0x00000000ad800000|100%| E|CS|TAMS 0x00000000ad700000| PB 0x00000000ad700000| Complete |  0
| 728|0x00000000ad800000, 0x00000000ad900000, 0x00000000ad900000|100%| E|  |TAMS 0x00000000ad800000| PB 0x00000000ad800000| Complete |  1
| 729|0x00000000ad900000, 0x00000000ada00000, 0x00000000ada00000|100%| E|CS|TAMS 0x00000000ad900000| PB 0x00000000ad900000| Complete |  0
| 730|0x00000000ada00000, 0x00000000adb00000, 0x00000000adb00000|100%| E|CS|TAMS 0x00000000ada00000| PB 0x00000000ada00000| Complete |  0
| 731|0x00000000adb00000, 0x00000000adc00000, 0x00000000adc00000|100%| E|CS|TAMS 0x00000000adb00000| PB 0x00000000adb00000| Complete |  0
| 732|0x00000000adc00000, 0x00000000add00000, 0x00000000add00000|100%| E|CS|TAMS 0x00000000adc00000| PB 0x00000000adc00000| Complete |  0
| 733|0x00000000add00000, 0x00000000ade00000, 0x00000000ade00000|100%| E|CS|TAMS 0x00000000add00000| PB 0x00000000add00000| Complete |  0
| 734|0x00000000ade00000, 0x00000000adf00000, 0x00000000adf00000|100%| E|CS|TAMS 0x00000000ade00000| PB 0x00000000ade00000| Complete |  0
| 735|0x00000000adf00000, 0x00000000ae000000, 0x00000000ae000000|100%| E|CS|TAMS 0x00000000adf00000| PB 0x00000000adf00000| Complete |  0
| 736|0x00000000ae000000, 0x00000000ae100000, 0x00000000ae100000|100%| E|CS|TAMS 0x00000000ae000000| PB 0x00000000ae000000| Complete |  0
| 737|0x00000000ae100000, 0x00000000ae200000, 0x00000000ae200000|100%| E|CS|TAMS 0x00000000ae100000| PB 0x00000000ae100000| Complete |  0
| 738|0x00000000ae200000, 0x00000000ae300000, 0x00000000ae300000|100%| E|CS|TAMS 0x00000000ae200000| PB 0x00000000ae200000| Complete |  0
| 739|0x00000000ae300000, 0x00000000ae400000, 0x00000000ae400000|100%| E|CS|TAMS 0x00000000ae300000| PB 0x00000000ae300000| Complete |  0
| 740|0x00000000ae400000, 0x00000000ae500000, 0x00000000ae500000|100%| E|CS|TAMS 0x00000000ae400000| PB 0x00000000ae400000| Complete |  0
| 741|0x00000000ae500000, 0x00000000ae600000, 0x00000000ae600000|100%| E|CS|TAMS 0x00000000ae500000| PB 0x00000000ae500000| Complete |  0
| 742|0x00000000ae600000, 0x00000000ae700000, 0x00000000ae700000|100%| E|CS|TAMS 0x00000000ae600000| PB 0x00000000ae600000| Complete |  0
| 743|0x00000000ae700000, 0x00000000ae800000, 0x00000000ae800000|100%| E|CS|TAMS 0x00000000ae700000| PB 0x00000000ae700000| Complete |  0
| 744|0x00000000ae800000, 0x00000000ae900000, 0x00000000ae900000|100%| E|CS|TAMS 0x00000000ae800000| PB 0x00000000ae800000| Complete |  0
| 745|0x00000000ae900000, 0x00000000aea00000, 0x00000000aea00000|100%| E|CS|TAMS 0x00000000ae900000| PB 0x00000000ae900000| Complete |  0
| 746|0x00000000aea00000, 0x00000000aeb00000, 0x00000000aeb00000|100%| E|CS|TAMS 0x00000000aea00000| PB 0x00000000aea00000| Complete |  0
| 747|0x00000000aeb00000, 0x00000000aec00000, 0x00000000aec00000|100%| E|CS|TAMS 0x00000000aeb00000| PB 0x00000000aeb00000| Complete |  0
| 748|0x00000000aec00000, 0x00000000aed00000, 0x00000000aed00000|100%| E|CS|TAMS 0x00000000aec00000| PB 0x00000000aec00000| Complete |  0
| 749|0x00000000aed00000, 0x00000000aee00000, 0x00000000aee00000|100%| E|CS|TAMS 0x00000000aed00000| PB 0x00000000aed00000| Complete |  0
| 750|0x00000000aee00000, 0x00000000aef00000, 0x00000000aef00000|100%| E|CS|TAMS 0x00000000aee00000| PB 0x00000000aee00000| Complete |  0
| 751|0x00000000aef00000, 0x00000000af000000, 0x00000000af000000|100%| E|CS|TAMS 0x00000000aef00000| PB 0x00000000aef00000| Complete |  0
| 752|0x00000000af000000, 0x00000000af100000, 0x00000000af100000|100%| E|CS|TAMS 0x00000000af000000| PB 0x00000000af000000| Complete |  0
| 753|0x00000000af100000, 0x00000000af200000, 0x00000000af200000|100%| E|CS|TAMS 0x00000000af100000| PB 0x00000000af100000| Complete |  0
| 754|0x00000000af200000, 0x00000000af300000, 0x00000000af300000|100%| E|CS|TAMS 0x00000000af200000| PB 0x00000000af200000| Complete |  0
| 755|0x00000000af300000, 0x00000000af400000, 0x00000000af400000|100%| E|CS|TAMS 0x00000000af300000| PB 0x00000000af300000| Complete |  0
| 756|0x00000000af400000, 0x00000000af500000, 0x00000000af500000|100%| E|CS|TAMS 0x00000000af400000| PB 0x00000000af400000| Complete |  0
| 757|0x00000000af500000, 0x00000000af600000, 0x00000000af600000|100%| E|CS|TAMS 0x00000000af500000| PB 0x00000000af500000| Complete |  0
| 758|0x00000000af600000, 0x00000000af700000, 0x00000000af700000|100%| E|CS|TAMS 0x00000000af600000| PB 0x00000000af600000| Complete |  0
| 759|0x00000000af700000, 0x00000000af800000, 0x00000000af800000|100%| E|CS|TAMS 0x00000000af700000| PB 0x00000000af700000| Complete |  0
| 760|0x00000000af800000, 0x00000000af900000, 0x00000000af900000|100%| E|CS|TAMS 0x00000000af800000| PB 0x00000000af800000| Complete |  0
| 761|0x00000000af900000, 0x00000000afa00000, 0x00000000afa00000|100%| E|CS|TAMS 0x00000000af900000| PB 0x00000000af900000| Complete |  0
| 762|0x00000000afa00000, 0x00000000afb00000, 0x00000000afb00000|100%| E|CS|TAMS 0x00000000afa00000| PB 0x00000000afa00000| Complete |  0
| 763|0x00000000afb00000, 0x00000000afc00000, 0x00000000afc00000|100%| E|CS|TAMS 0x00000000afb00000| PB 0x00000000afb00000| Complete |  0
| 764|0x00000000afc00000, 0x00000000afd00000, 0x00000000afd00000|100%| E|CS|TAMS 0x00000000afc00000| PB 0x00000000afc00000| Complete |  0
| 765|0x00000000afd00000, 0x00000000afe00000, 0x00000000afe00000|100%| E|CS|TAMS 0x00000000afd00000| PB 0x00000000afd00000| Complete |  0
| 766|0x00000000afe00000, 0x00000000aff00000, 0x00000000aff00000|100%| E|CS|TAMS 0x00000000afe00000| PB 0x00000000afe00000| Complete |  0
| 767|0x00000000aff00000, 0x00000000b0000000, 0x00000000b0000000|100%| E|CS|TAMS 0x00000000aff00000| PB 0x00000000aff00000| Complete |  0
| 768|0x00000000b0000000, 0x00000000b0100000, 0x00000000b0100000|100%| E|CS|TAMS 0x00000000b0000000| PB 0x00000000b0000000| Complete |  0
| 769|0x00000000b0100000, 0x00000000b0200000, 0x00000000b0200000|100%| E|CS|TAMS 0x00000000b0100000| PB 0x00000000b0100000| Complete |  0
| 770|0x00000000b0200000, 0x00000000b0300000, 0x00000000b0300000|100%| E|CS|TAMS 0x00000000b0200000| PB 0x00000000b0200000| Complete |  0
| 771|0x00000000b0300000, 0x00000000b0400000, 0x00000000b0400000|100%| E|CS|TAMS 0x00000000b0300000| PB 0x00000000b0300000| Complete |  0
| 772|0x00000000b0400000, 0x00000000b0500000, 0x00000000b0500000|100%| E|CS|TAMS 0x00000000b0400000| PB 0x00000000b0400000| Complete |  0
| 773|0x00000000b0500000, 0x00000000b0600000, 0x00000000b0600000|100%| E|CS|TAMS 0x00000000b0500000| PB 0x00000000b0500000| Complete |  0
| 774|0x00000000b0600000, 0x00000000b0700000, 0x00000000b0700000|100%| E|CS|TAMS 0x00000000b0600000| PB 0x00000000b0600000| Complete |  0
| 775|0x00000000b0700000, 0x00000000b0800000, 0x00000000b0800000|100%| E|CS|TAMS 0x00000000b0700000| PB 0x00000000b0700000| Complete |  0
| 776|0x00000000b0800000, 0x00000000b0900000, 0x00000000b0900000|100%| E|CS|TAMS 0x00000000b0800000| PB 0x00000000b0800000| Complete |  0
| 777|0x00000000b0900000, 0x00000000b0a00000, 0x00000000b0a00000|100%| E|CS|TAMS 0x00000000b0900000| PB 0x00000000b0900000| Complete |  0
| 778|0x00000000b0a00000, 0x00000000b0b00000, 0x00000000b0b00000|100%| E|CS|TAMS 0x00000000b0a00000| PB 0x00000000b0a00000| Complete |  0
| 779|0x00000000b0b00000, 0x00000000b0c00000, 0x00000000b0c00000|100%| E|CS|TAMS 0x00000000b0b00000| PB 0x00000000b0b00000| Complete |  0
| 780|0x00000000b0c00000, 0x00000000b0d00000, 0x00000000b0d00000|100%| E|CS|TAMS 0x00000000b0c00000| PB 0x00000000b0c00000| Complete |  0
| 781|0x00000000b0d00000, 0x00000000b0e00000, 0x00000000b0e00000|100%| E|CS|TAMS 0x00000000b0d00000| PB 0x00000000b0d00000| Complete |  0
| 782|0x00000000b0e00000, 0x00000000b0f00000, 0x00000000b0f00000|100%| E|CS|TAMS 0x00000000b0e00000| PB 0x00000000b0e00000| Complete |  0
| 783|0x00000000b0f00000, 0x00000000b1000000, 0x00000000b1000000|100%| E|CS|TAMS 0x00000000b0f00000| PB 0x00000000b0f00000| Complete |  0
| 784|0x00000000b1000000, 0x00000000b1100000, 0x00000000b1100000|100%| E|CS|TAMS 0x00000000b1000000| PB 0x00000000b1000000| Complete |  0
| 785|0x00000000b1100000, 0x00000000b1200000, 0x00000000b1200000|100%| E|CS|TAMS 0x00000000b1100000| PB 0x00000000b1100000| Complete |  0
| 786|0x00000000b1200000, 0x00000000b1300000, 0x00000000b1300000|100%| E|CS|TAMS 0x00000000b1200000| PB 0x00000000b1200000| Complete |  0
| 787|0x00000000b1300000, 0x00000000b1400000, 0x00000000b1400000|100%| E|CS|TAMS 0x00000000b1300000| PB 0x00000000b1300000| Complete |  0
| 788|0x00000000b1400000, 0x00000000b1500000, 0x00000000b1500000|100%| E|CS|TAMS 0x00000000b1400000| PB 0x00000000b1400000| Complete |  0
| 789|0x00000000b1500000, 0x00000000b1600000, 0x00000000b1600000|100%| E|CS|TAMS 0x00000000b1500000| PB 0x00000000b1500000| Complete |  0
| 790|0x00000000b1600000, 0x00000000b1700000, 0x00000000b1700000|100%| E|CS|TAMS 0x00000000b1600000| PB 0x00000000b1600000| Complete |  0
| 791|0x00000000b1700000, 0x00000000b1800000, 0x00000000b1800000|100%| E|CS|TAMS 0x00000000b1700000| PB 0x00000000b1700000| Complete |  0
| 792|0x00000000b1800000, 0x00000000b1900000, 0x00000000b1900000|100%| E|CS|TAMS 0x00000000b1800000| PB 0x00000000b1800000| Complete |  0
| 793|0x00000000b1900000, 0x00000000b1a00000, 0x00000000b1a00000|100%| E|CS|TAMS 0x00000000b1900000| PB 0x00000000b1900000| Complete |  0
| 794|0x00000000b1a00000, 0x00000000b1b00000, 0x00000000b1b00000|100%| E|CS|TAMS 0x00000000b1a00000| PB 0x00000000b1a00000| Complete |  0
| 795|0x00000000b1b00000, 0x00000000b1c00000, 0x00000000b1c00000|100%| E|CS|TAMS 0x00000000b1b00000| PB 0x00000000b1b00000| Complete |  0
| 796|0x00000000b1c00000, 0x00000000b1d00000, 0x00000000b1d00000|100%| E|CS|TAMS 0x00000000b1c00000| PB 0x00000000b1c00000| Complete |  0
| 797|0x00000000b1d00000, 0x00000000b1e00000, 0x00000000b1e00000|100%| E|CS|TAMS 0x00000000b1d00000| PB 0x00000000b1d00000| Complete |  0
| 798|0x00000000b1e00000, 0x00000000b1f00000, 0x00000000b1f00000|100%| E|CS|TAMS 0x00000000b1e00000| PB 0x00000000b1e00000| Complete |  0
| 799|0x00000000b1f00000, 0x00000000b2000000, 0x00000000b2000000|100%| E|CS|TAMS 0x00000000b1f00000| PB 0x00000000b1f00000| Complete |  0
| 800|0x00000000b2000000, 0x00000000b2100000, 0x00000000b2100000|100%| E|CS|TAMS 0x00000000b2000000| PB 0x00000000b2000000| Complete |  0
| 801|0x00000000b2100000, 0x00000000b2200000, 0x00000000b2200000|100%| E|CS|TAMS 0x00000000b2100000| PB 0x00000000b2100000| Complete |  0
| 802|0x00000000b2200000, 0x00000000b2300000, 0x00000000b2300000|100%| E|CS|TAMS 0x00000000b2200000| PB 0x00000000b2200000| Complete |  0
| 803|0x00000000b2300000, 0x00000000b2400000, 0x00000000b2400000|100%| E|CS|TAMS 0x00000000b2300000| PB 0x00000000b2300000| Complete |  0
| 804|0x00000000b2400000, 0x00000000b2500000, 0x00000000b2500000|100%| E|CS|TAMS 0x00000000b2400000| PB 0x00000000b2400000| Complete |  0
| 805|0x00000000b2500000, 0x00000000b2600000, 0x00000000b2600000|100%| E|CS|TAMS 0x00000000b2500000| PB 0x00000000b2500000| Complete |  0
| 806|0x00000000b2600000, 0x00000000b2700000, 0x00000000b2700000|100%| E|CS|TAMS 0x00000000b2600000| PB 0x00000000b2600000| Complete |  0
| 807|0x00000000b2700000, 0x00000000b2800000, 0x00000000b2800000|100%| E|CS|TAMS 0x00000000b2700000| PB 0x00000000b2700000| Complete |  0
| 808|0x00000000b2800000, 0x00000000b2900000, 0x00000000b2900000|100%| E|CS|TAMS 0x00000000b2800000| PB 0x00000000b2800000| Complete |  0
| 809|0x00000000b2900000, 0x00000000b2a00000, 0x00000000b2a00000|100%| E|CS|TAMS 0x00000000b2900000| PB 0x00000000b2900000| Complete |  0
| 810|0x00000000b2a00000, 0x00000000b2b00000, 0x00000000b2b00000|100%| E|CS|TAMS 0x00000000b2a00000| PB 0x00000000b2a00000| Complete |  0
| 811|0x00000000b2b00000, 0x00000000b2c00000, 0x00000000b2c00000|100%| E|CS|TAMS 0x00000000b2b00000| PB 0x00000000b2b00000| Complete |  0
| 812|0x00000000b2c00000, 0x00000000b2d00000, 0x00000000b2d00000|100%| E|CS|TAMS 0x00000000b2c00000| PB 0x00000000b2c00000| Complete |  0
| 813|0x00000000b2d00000, 0x00000000b2e00000, 0x00000000b2e00000|100%| E|CS|TAMS 0x00000000b2d00000| PB 0x00000000b2d00000| Complete |  0
| 814|0x00000000b2e00000, 0x00000000b2f00000, 0x00000000b2f00000|100%| E|CS|TAMS 0x00000000b2e00000| PB 0x00000000b2e00000| Complete |  0
| 815|0x00000000b2f00000, 0x00000000b3000000, 0x00000000b3000000|100%| E|CS|TAMS 0x00000000b2f00000| PB 0x00000000b2f00000| Complete |  0
| 816|0x00000000b3000000, 0x00000000b3100000, 0x00000000b3100000|100%| E|CS|TAMS 0x00000000b3000000| PB 0x00000000b3000000| Complete |  0
| 817|0x00000000b3100000, 0x00000000b3200000, 0x00000000b3200000|100%| E|CS|TAMS 0x00000000b3100000| PB 0x00000000b3100000| Complete |  0
| 818|0x00000000b3200000, 0x00000000b3300000, 0x00000000b3300000|100%| E|CS|TAMS 0x00000000b3200000| PB 0x00000000b3200000| Complete |  0
| 819|0x00000000b3300000, 0x00000000b3400000, 0x00000000b3400000|100%| E|CS|TAMS 0x00000000b3300000| PB 0x00000000b3300000| Complete |  0
| 820|0x00000000b3400000, 0x00000000b3500000, 0x00000000b3500000|100%| E|CS|TAMS 0x00000000b3400000| PB 0x00000000b3400000| Complete |  0
| 821|0x00000000b3500000, 0x00000000b3600000, 0x00000000b3600000|100%| E|CS|TAMS 0x00000000b3500000| PB 0x00000000b3500000| Complete |  0
| 822|0x00000000b3600000, 0x00000000b3700000, 0x00000000b3700000|100%| E|CS|TAMS 0x00000000b3600000| PB 0x00000000b3600000| Complete |  0
| 823|0x00000000b3700000, 0x00000000b3800000, 0x00000000b3800000|100%| E|CS|TAMS 0x00000000b3700000| PB 0x00000000b3700000| Complete |  0
| 824|0x00000000b3800000, 0x00000000b3900000, 0x00000000b3900000|100%| E|CS|TAMS 0x00000000b3800000| PB 0x00000000b3800000| Complete |  0
| 825|0x00000000b3900000, 0x00000000b3a00000, 0x00000000b3a00000|100%| E|CS|TAMS 0x00000000b3900000| PB 0x00000000b3900000| Complete |  0
| 826|0x00000000b3a00000, 0x00000000b3b00000, 0x00000000b3b00000|100%| E|CS|TAMS 0x00000000b3a00000| PB 0x00000000b3a00000| Complete |  0
| 827|0x00000000b3b00000, 0x00000000b3c00000, 0x00000000b3c00000|100%| E|CS|TAMS 0x00000000b3b00000| PB 0x00000000b3b00000| Complete |  0
| 828|0x00000000b3c00000, 0x00000000b3d00000, 0x00000000b3d00000|100%| E|CS|TAMS 0x00000000b3c00000| PB 0x00000000b3c00000| Complete |  0
| 829|0x00000000b3d00000, 0x00000000b3e00000, 0x00000000b3e00000|100%| E|CS|TAMS 0x00000000b3d00000| PB 0x00000000b3d00000| Complete |  0
| 830|0x00000000b3e00000, 0x00000000b3f00000, 0x00000000b3f00000|100%| E|CS|TAMS 0x00000000b3e00000| PB 0x00000000b3e00000| Complete |  0
| 831|0x00000000b3f00000, 0x00000000b4000000, 0x00000000b4000000|100%| E|CS|TAMS 0x00000000b3f00000| PB 0x00000000b3f00000| Complete |  0
| 832|0x00000000b4000000, 0x00000000b4100000, 0x00000000b4100000|100%| E|CS|TAMS 0x00000000b4000000| PB 0x00000000b4000000| Complete |  0
| 833|0x00000000b4100000, 0x00000000b4200000, 0x00000000b4200000|100%| E|CS|TAMS 0x00000000b4100000| PB 0x00000000b4100000| Complete |  0
| 834|0x00000000b4200000, 0x00000000b4300000, 0x00000000b4300000|100%| E|CS|TAMS 0x00000000b4200000| PB 0x00000000b4200000| Complete |  0
| 835|0x00000000b4300000, 0x00000000b4400000, 0x00000000b4400000|100%| E|CS|TAMS 0x00000000b4300000| PB 0x00000000b4300000| Complete |  0
| 836|0x00000000b4400000, 0x00000000b4500000, 0x00000000b4500000|100%| E|CS|TAMS 0x00000000b4400000| PB 0x00000000b4400000| Complete |  0
| 837|0x00000000b4500000, 0x00000000b4600000, 0x00000000b4600000|100%| E|CS|TAMS 0x00000000b4500000| PB 0x00000000b4500000| Complete |  0
| 838|0x00000000b4600000, 0x00000000b4700000, 0x00000000b4700000|100%| E|CS|TAMS 0x00000000b4600000| PB 0x00000000b4600000| Complete |  0
| 839|0x00000000b4700000, 0x00000000b4800000, 0x00000000b4800000|100%| E|CS|TAMS 0x00000000b4700000| PB 0x00000000b4700000| Complete |  0
| 840|0x00000000b4800000, 0x00000000b4900000, 0x00000000b4900000|100%| E|CS|TAMS 0x00000000b4800000| PB 0x00000000b4800000| Complete |  0
| 841|0x00000000b4900000, 0x00000000b4a00000, 0x00000000b4a00000|100%| E|CS|TAMS 0x00000000b4900000| PB 0x00000000b4900000| Complete |  0
| 842|0x00000000b4a00000, 0x00000000b4b00000, 0x00000000b4b00000|100%| E|CS|TAMS 0x00000000b4a00000| PB 0x00000000b4a00000| Complete |  0
| 843|0x00000000b4b00000, 0x00000000b4c00000, 0x00000000b4c00000|100%| E|CS|TAMS 0x00000000b4b00000| PB 0x00000000b4b00000| Complete |  0
| 844|0x00000000b4c00000, 0x00000000b4d00000, 0x00000000b4d00000|100%| E|CS|TAMS 0x00000000b4c00000| PB 0x00000000b4c00000| Complete |  0
| 845|0x00000000b4d00000, 0x00000000b4e00000, 0x00000000b4e00000|100%| E|CS|TAMS 0x00000000b4d00000| PB 0x00000000b4d00000| Complete |  0
| 846|0x00000000b4e00000, 0x00000000b4f00000, 0x00000000b4f00000|100%| E|CS|TAMS 0x00000000b4e00000| PB 0x00000000b4e00000| Complete |  0
| 847|0x00000000b4f00000, 0x00000000b5000000, 0x00000000b5000000|100%| E|CS|TAMS 0x00000000b4f00000| PB 0x00000000b4f00000| Complete |  0
| 848|0x00000000b5000000, 0x00000000b5100000, 0x00000000b5100000|100%| E|CS|TAMS 0x00000000b5000000| PB 0x00000000b5000000| Complete |  0
| 849|0x00000000b5100000, 0x00000000b5200000, 0x00000000b5200000|100%| E|CS|TAMS 0x00000000b5100000| PB 0x00000000b5100000| Complete |  0
| 850|0x00000000b5200000, 0x00000000b5300000, 0x00000000b5300000|100%| E|CS|TAMS 0x00000000b5200000| PB 0x00000000b5200000| Complete |  0
| 851|0x00000000b5300000, 0x00000000b5400000, 0x00000000b5400000|100%| E|CS|TAMS 0x00000000b5300000| PB 0x00000000b5300000| Complete |  0
| 852|0x00000000b5400000, 0x00000000b5500000, 0x00000000b5500000|100%| E|CS|TAMS 0x00000000b5400000| PB 0x00000000b5400000| Complete |  0
| 853|0x00000000b5500000, 0x00000000b5600000, 0x00000000b5600000|100%| E|CS|TAMS 0x00000000b5500000| PB 0x00000000b5500000| Complete |  0
| 854|0x00000000b5600000, 0x00000000b5700000, 0x00000000b5700000|100%| E|CS|TAMS 0x00000000b5600000| PB 0x00000000b5600000| Complete |  0
| 855|0x00000000b5700000, 0x00000000b5800000, 0x00000000b5800000|100%| E|CS|TAMS 0x00000000b5700000| PB 0x00000000b5700000| Complete |  0
| 856|0x00000000b5800000, 0x00000000b5900000, 0x00000000b5900000|100%| E|CS|TAMS 0x00000000b5800000| PB 0x00000000b5800000| Complete |  0
| 857|0x00000000b5900000, 0x00000000b5a00000, 0x00000000b5a00000|100%| E|CS|TAMS 0x00000000b5900000| PB 0x00000000b5900000| Complete |  0
| 858|0x00000000b5a00000, 0x00000000b5b00000, 0x00000000b5b00000|100%| E|CS|TAMS 0x00000000b5a00000| PB 0x00000000b5a00000| Complete |  0
| 859|0x00000000b5b00000, 0x00000000b5c00000, 0x00000000b5c00000|100%| E|CS|TAMS 0x00000000b5b00000| PB 0x00000000b5b00000| Complete |  0
| 860|0x00000000b5c00000, 0x00000000b5d00000, 0x00000000b5d00000|100%| E|CS|TAMS 0x00000000b5c00000| PB 0x00000000b5c00000| Complete |  0
| 861|0x00000000b5d00000, 0x00000000b5e00000, 0x00000000b5e00000|100%| E|CS|TAMS 0x00000000b5d00000| PB 0x00000000b5d00000| Complete |  0
| 862|0x00000000b5e00000, 0x00000000b5f00000, 0x00000000b5f00000|100%| E|CS|TAMS 0x00000000b5e00000| PB 0x00000000b5e00000| Complete |  0
| 863|0x00000000b5f00000, 0x00000000b6000000, 0x00000000b6000000|100%|HS|  |TAMS 0x00000000b5f00000| PB 0x00000000b5f00000| Complete |  0
| 864|0x00000000b6000000, 0x00000000b6100000, 0x00000000b6100000|100%|HC|  |TAMS 0x00000000b6000000| PB 0x00000000b6000000| Complete |  0
| 865|0x00000000b6100000, 0x00000000b6200000, 0x00000000b6200000|100%|HS|  |TAMS 0x00000000b6100000| PB 0x00000000b6100000| Complete |  0
| 866|0x00000000b6200000, 0x00000000b6300000, 0x00000000b6300000|100%|HC|  |TAMS 0x00000000b6200000| PB 0x00000000b6200000| Complete |  0
| 867|0x00000000b6300000, 0x00000000b6400000, 0x00000000b6400000|100%|HS|  |TAMS 0x00000000b6300000| PB 0x00000000b6300000| Complete |  0
| 868|0x00000000b6400000, 0x00000000b6500000, 0x00000000b6500000|100%|HC|  |TAMS 0x00000000b6400000| PB 0x00000000b6400000| Complete |  0
| 869|0x00000000b6500000, 0x00000000b6600000, 0x00000000b6600000|100%|HS|  |TAMS 0x00000000b6500000| PB 0x00000000b6500000| Complete |  0
| 870|0x00000000b6600000, 0x00000000b6700000, 0x00000000b6700000|100%|HC|  |TAMS 0x00000000b6600000| PB 0x00000000b6600000| Complete |  0
| 871|0x00000000b6700000, 0x00000000b6800000, 0x00000000b6800000|100%|HS|  |TAMS 0x00000000b6700000| PB 0x00000000b6700000| Complete |  0
| 872|0x00000000b6800000, 0x00000000b6900000, 0x00000000b6900000|100%|HC|  |TAMS 0x00000000b6800000| PB 0x00000000b6800000| Complete |  0
| 873|0x00000000b6900000, 0x00000000b6a00000, 0x00000000b6a00000|100%|HS|  |TAMS 0x00000000b6900000| PB 0x00000000b6900000| Complete |  0
| 874|0x00000000b6a00000, 0x00000000b6b00000, 0x00000000b6b00000|100%|HC|  |TAMS 0x00000000b6a00000| PB 0x00000000b6a00000| Complete |  0
| 875|0x00000000b6b00000, 0x00000000b6c00000, 0x00000000b6c00000|100%|HS|  |TAMS 0x00000000b6b00000| PB 0x00000000b6b00000| Complete |  0
| 876|0x00000000b6c00000, 0x00000000b6d00000, 0x00000000b6d00000|100%|HC|  |TAMS 0x00000000b6c00000| PB 0x00000000b6c00000| Complete |  0
| 877|0x00000000b6d00000, 0x00000000b6e00000, 0x00000000b6e00000|100%|HS|  |TAMS 0x00000000b6d00000| PB 0x00000000b6d00000| Complete |  0
| 878|0x00000000b6e00000, 0x00000000b6f00000, 0x00000000b6f00000|100%|HC|  |TAMS 0x00000000b6e00000| PB 0x00000000b6e00000| Complete |  0
| 879|0x00000000b6f00000, 0x00000000b7000000, 0x00000000b7000000|100%|HS|  |TAMS 0x00000000b6f00000| PB 0x00000000b6f00000| Complete |  0
| 880|0x00000000b7000000, 0x00000000b7100000, 0x00000000b7100000|100%|HC|  |TAMS 0x00000000b7000000| PB 0x00000000b7000000| Complete |  0
| 881|0x00000000b7100000, 0x00000000b7200000, 0x00000000b7200000|100%|HS|  |TAMS 0x00000000b7100000| PB 0x00000000b7100000| Complete |  0
| 882|0x00000000b7200000, 0x00000000b7300000, 0x00000000b7300000|100%|HC|  |TAMS 0x00000000b7200000| PB 0x00000000b7200000| Complete |  0
| 883|0x00000000b7300000, 0x00000000b7400000, 0x00000000b7400000|100%|HS|  |TAMS 0x00000000b7300000| PB 0x00000000b7300000| Complete |  0
| 884|0x00000000b7400000, 0x00000000b7500000, 0x00000000b7500000|100%|HC|  |TAMS 0x00000000b7400000| PB 0x00000000b7400000| Complete |  0
| 885|0x00000000b7500000, 0x00000000b7600000, 0x00000000b7600000|100%|HS|  |TAMS 0x00000000b7500000| PB 0x00000000b7500000| Complete |  0
| 886|0x00000000b7600000, 0x00000000b7700000, 0x00000000b7700000|100%|HC|  |TAMS 0x00000000b7600000| PB 0x00000000b7600000| Complete |  0
| 887|0x00000000b7700000, 0x00000000b7800000, 0x00000000b7800000|100%|HS|  |TAMS 0x00000000b7700000| PB 0x00000000b7700000| Complete |  0
| 888|0x00000000b7800000, 0x00000000b7900000, 0x00000000b7900000|100%|HC|  |TAMS 0x00000000b7800000| PB 0x00000000b7800000| Complete |  0
| 889|0x00000000b7900000, 0x00000000b7a00000, 0x00000000b7a00000|100%|HS|  |TAMS 0x00000000b7900000| PB 0x00000000b7900000| Complete |  0
| 890|0x00000000b7a00000, 0x00000000b7b00000, 0x00000000b7b00000|100%|HC|  |TAMS 0x00000000b7a00000| PB 0x00000000b7a00000| Complete |  0
| 891|0x00000000b7b00000, 0x00000000b7c00000, 0x00000000b7c00000|100%|HS|  |TAMS 0x00000000b7b00000| PB 0x00000000b7b00000| Complete |  0
| 892|0x00000000b7c00000, 0x00000000b7d00000, 0x00000000b7d00000|100%|HC|  |TAMS 0x00000000b7c00000| PB 0x00000000b7c00000| Complete |  0
| 893|0x00000000b7d00000, 0x00000000b7e00000, 0x00000000b7e00000|100%|HS|  |TAMS 0x00000000b7d00000| PB 0x00000000b7d00000| Complete |  0
| 894|0x00000000b7e00000, 0x00000000b7f00000, 0x00000000b7f00000|100%|HC|  |TAMS 0x00000000b7e00000| PB 0x00000000b7e00000| Complete |  0
| 895|0x00000000b7f00000, 0x00000000b8000000, 0x00000000b8000000|100%|HS|  |TAMS 0x00000000b7f00000| PB 0x00000000b7f00000| Complete |  0
| 896|0x00000000b8000000, 0x00000000b8100000, 0x00000000b8100000|100%|HC|  |TAMS 0x00000000b8000000| PB 0x00000000b8000000| Complete |  0
| 897|0x00000000b8100000, 0x00000000b8200000, 0x00000000b8200000|100%|HS|  |TAMS 0x00000000b8100000| PB 0x00000000b8100000| Complete |  0
| 898|0x00000000b8200000, 0x00000000b8300000, 0x00000000b8300000|100%|HC|  |TAMS 0x00000000b8200000| PB 0x00000000b8200000| Complete |  0
| 899|0x00000000b8300000, 0x00000000b8400000, 0x00000000b8400000|100%|HS|  |TAMS 0x00000000b8300000| PB 0x00000000b8300000| Complete |  0
| 900|0x00000000b8400000, 0x00000000b8500000, 0x00000000b8500000|100%|HC|  |TAMS 0x00000000b8400000| PB 0x00000000b8400000| Complete |  0
| 901|0x00000000b8500000, 0x00000000b8600000, 0x00000000b8600000|100%|HS|  |TAMS 0x00000000b8500000| PB 0x00000000b8500000| Complete |  0
| 902|0x00000000b8600000, 0x00000000b8700000, 0x00000000b8700000|100%|HC|  |TAMS 0x00000000b8600000| PB 0x00000000b8600000| Complete |  0
| 903|0x00000000b8700000, 0x00000000b8800000, 0x00000000b8800000|100%|HS|  |TAMS 0x00000000b8700000| PB 0x00000000b8700000| Complete |  0
| 904|0x00000000b8800000, 0x00000000b8900000, 0x00000000b8900000|100%|HC|  |TAMS 0x00000000b8800000| PB 0x00000000b8800000| Complete |  0
| 905|0x00000000b8900000, 0x00000000b8a00000, 0x00000000b8a00000|100%|HS|  |TAMS 0x00000000b8900000| PB 0x00000000b8900000| Complete |  0
| 906|0x00000000b8a00000, 0x00000000b8b00000, 0x00000000b8b00000|100%|HC|  |TAMS 0x00000000b8a00000| PB 0x00000000b8a00000| Complete |  0
| 907|0x00000000b8b00000, 0x00000000b8c00000, 0x00000000b8c00000|100%|HS|  |TAMS 0x00000000b8b00000| PB 0x00000000b8b00000| Complete |  0
| 908|0x00000000b8c00000, 0x00000000b8d00000, 0x00000000b8d00000|100%|HC|  |TAMS 0x00000000b8c00000| PB 0x00000000b8c00000| Complete |  0
| 909|0x00000000b8d00000, 0x00000000b8e00000, 0x00000000b8e00000|100%|HS|  |TAMS 0x00000000b8d00000| PB 0x00000000b8d00000| Complete |  0
| 910|0x00000000b8e00000, 0x00000000b8f00000, 0x00000000b8f00000|100%|HC|  |TAMS 0x00000000b8e00000| PB 0x00000000b8e00000| Complete |  0
| 911|0x00000000b8f00000, 0x00000000b9000000, 0x00000000b9000000|100%|HS|  |TAMS 0x00000000b8f00000| PB 0x00000000b8f00000| Complete |  0
| 912|0x00000000b9000000, 0x00000000b9100000, 0x00000000b9100000|100%|HC|  |TAMS 0x00000000b9000000| PB 0x00000000b9000000| Complete |  0
| 913|0x00000000b9100000, 0x00000000b9200000, 0x00000000b9200000|100%|HS|  |TAMS 0x00000000b9100000| PB 0x00000000b9100000| Complete |  0
| 914|0x00000000b9200000, 0x00000000b9300000, 0x00000000b9300000|100%|HC|  |TAMS 0x00000000b9200000| PB 0x00000000b9200000| Complete |  0
| 915|0x00000000b9300000, 0x00000000b9400000, 0x00000000b9400000|100%|HS|  |TAMS 0x00000000b9300000| PB 0x00000000b9300000| Complete |  0
| 916|0x00000000b9400000, 0x00000000b9500000, 0x00000000b9500000|100%|HC|  |TAMS 0x00000000b9400000| PB 0x00000000b9400000| Complete |  0
| 917|0x00000000b9500000, 0x00000000b9600000, 0x00000000b9600000|100%|HS|  |TAMS 0x00000000b9500000| PB 0x00000000b9500000| Complete |  0
| 918|0x00000000b9600000, 0x00000000b9700000, 0x00000000b9700000|100%|HC|  |TAMS 0x00000000b9600000| PB 0x00000000b9600000| Complete |  0
| 919|0x00000000b9700000, 0x00000000b9800000, 0x00000000b9800000|100%|HS|  |TAMS 0x00000000b9700000| PB 0x00000000b9700000| Complete |  0
| 920|0x00000000b9800000, 0x00000000b9900000, 0x00000000b9900000|100%|HC|  |TAMS 0x00000000b9800000| PB 0x00000000b9800000| Complete |  0
| 921|0x00000000b9900000, 0x00000000b9a00000, 0x00000000b9a00000|100%|HS|  |TAMS 0x00000000b9900000| PB 0x00000000b9900000| Complete |  0
| 922|0x00000000b9a00000, 0x00000000b9b00000, 0x00000000b9b00000|100%|HC|  |TAMS 0x00000000b9a00000| PB 0x00000000b9a00000| Complete |  0
| 923|0x00000000b9b00000, 0x00000000b9c00000, 0x00000000b9c00000|100%|HS|  |TAMS 0x00000000b9b00000| PB 0x00000000b9b00000| Complete |  0
| 924|0x00000000b9c00000, 0x00000000b9d00000, 0x00000000b9d00000|100%|HC|  |TAMS 0x00000000b9c00000| PB 0x00000000b9c00000| Complete |  0
| 925|0x00000000b9d00000, 0x00000000b9e00000, 0x00000000b9e00000|100%|HS|  |TAMS 0x00000000b9d00000| PB 0x00000000b9d00000| Complete |  0
| 926|0x00000000b9e00000, 0x00000000b9f00000, 0x00000000b9f00000|100%|HC|  |TAMS 0x00000000b9e00000| PB 0x00000000b9e00000| Complete |  0
| 927|0x00000000b9f00000, 0x00000000ba000000, 0x00000000ba000000|100%|HS|  |TAMS 0x00000000b9f00000| PB 0x00000000b9f00000| Complete |  0
| 928|0x00000000ba000000, 0x00000000ba100000, 0x00000000ba100000|100%|HC|  |TAMS 0x00000000ba000000| PB 0x00000000ba000000| Complete |  0
| 929|0x00000000ba100000, 0x00000000ba200000, 0x00000000ba200000|100%|HS|  |TAMS 0x00000000ba100000| PB 0x00000000ba100000| Complete |  0
| 930|0x00000000ba200000, 0x00000000ba300000, 0x00000000ba300000|100%|HC|  |TAMS 0x00000000ba200000| PB 0x00000000ba200000| Complete |  0
| 931|0x00000000ba300000, 0x00000000ba400000, 0x00000000ba400000|100%|HS|  |TAMS 0x00000000ba300000| PB 0x00000000ba300000| Complete |  0
| 932|0x00000000ba400000, 0x00000000ba500000, 0x00000000ba500000|100%|HC|  |TAMS 0x00000000ba400000| PB 0x00000000ba400000| Complete |  0
| 933|0x00000000ba500000, 0x00000000ba600000, 0x00000000ba600000|100%|HS|  |TAMS 0x00000000ba500000| PB 0x00000000ba500000| Complete |  0
| 934|0x00000000ba600000, 0x00000000ba700000, 0x00000000ba700000|100%|HC|  |TAMS 0x00000000ba600000| PB 0x00000000ba600000| Complete |  0
| 935|0x00000000ba700000, 0x00000000ba800000, 0x00000000ba800000|100%|HS|  |TAMS 0x00000000ba700000| PB 0x00000000ba700000| Complete |  0
| 936|0x00000000ba800000, 0x00000000ba900000, 0x00000000ba900000|100%|HC|  |TAMS 0x00000000ba800000| PB 0x00000000ba800000| Complete |  0
| 937|0x00000000ba900000, 0x00000000baa00000, 0x00000000baa00000|100%|HS|  |TAMS 0x00000000ba900000| PB 0x00000000ba900000| Complete |  0
| 938|0x00000000baa00000, 0x00000000bab00000, 0x00000000bab00000|100%|HC|  |TAMS 0x00000000baa00000| PB 0x00000000baa00000| Complete |  0
| 939|0x00000000bab00000, 0x00000000bac00000, 0x00000000bac00000|100%|HS|  |TAMS 0x00000000bab00000| PB 0x00000000bab00000| Complete |  0
| 940|0x00000000bac00000, 0x00000000bad00000, 0x00000000bad00000|100%|HC|  |TAMS 0x00000000bac00000| PB 0x00000000bac00000| Complete |  0
| 941|0x00000000bad00000, 0x00000000bae00000, 0x00000000bae00000|100%|HS|  |TAMS 0x00000000bad00000| PB 0x00000000bad00000| Complete |  0
| 942|0x00000000bae00000, 0x00000000baf00000, 0x00000000baf00000|100%|HC|  |TAMS 0x00000000bae00000| PB 0x00000000bae00000| Complete |  0
| 943|0x00000000baf00000, 0x00000000bb000000, 0x00000000bb000000|100%|HS|  |TAMS 0x00000000baf00000| PB 0x00000000baf00000| Complete |  0
| 944|0x00000000bb000000, 0x00000000bb100000, 0x00000000bb100000|100%|HC|  |TAMS 0x00000000bb000000| PB 0x00000000bb000000| Complete |  0
| 945|0x00000000bb100000, 0x00000000bb200000, 0x00000000bb200000|100%|HS|  |TAMS 0x00000000bb100000| PB 0x00000000bb100000| Complete |  0
| 946|0x00000000bb200000, 0x00000000bb300000, 0x00000000bb300000|100%|HC|  |TAMS 0x00000000bb200000| PB 0x00000000bb200000| Complete |  0
| 947|0x00000000bb300000, 0x00000000bb400000, 0x00000000bb400000|100%|HS|  |TAMS 0x00000000bb300000| PB 0x00000000bb300000| Complete |  0
| 948|0x00000000bb400000, 0x00000000bb500000, 0x00000000bb500000|100%|HC|  |TAMS 0x00000000bb400000| PB 0x00000000bb400000| Complete |  0
| 949|0x00000000bb500000, 0x00000000bb600000, 0x00000000bb600000|100%|HS|  |TAMS 0x00000000bb500000| PB 0x00000000bb500000| Complete |  0
| 950|0x00000000bb600000, 0x00000000bb700000, 0x00000000bb700000|100%|HC|  |TAMS 0x00000000bb600000| PB 0x00000000bb600000| Complete |  0
| 951|0x00000000bb700000, 0x00000000bb800000, 0x00000000bb800000|100%|HS|  |TAMS 0x00000000bb700000| PB 0x00000000bb700000| Complete |  0
| 952|0x00000000bb800000, 0x00000000bb900000, 0x00000000bb900000|100%|HC|  |TAMS 0x00000000bb800000| PB 0x00000000bb800000| Complete |  0
| 953|0x00000000bb900000, 0x00000000bba00000, 0x00000000bba00000|100%|HS|  |TAMS 0x00000000bb900000| PB 0x00000000bb900000| Complete |  0
| 954|0x00000000bba00000, 0x00000000bbb00000, 0x00000000bbb00000|100%|HC|  |TAMS 0x00000000bba00000| PB 0x00000000bba00000| Complete |  0
| 955|0x00000000bbb00000, 0x00000000bbc00000, 0x00000000bbc00000|100%|HS|  |TAMS 0x00000000bbb00000| PB 0x00000000bbb00000| Complete |  0
| 956|0x00000000bbc00000, 0x00000000bbd00000, 0x00000000bbd00000|100%|HC|  |TAMS 0x00000000bbc00000| PB 0x00000000bbc00000| Complete |  0
| 957|0x00000000bbd00000, 0x00000000bbe00000, 0x00000000bbe00000|100%|HS|  |TAMS 0x00000000bbd00000| PB 0x00000000bbd00000| Complete |  0
| 958|0x00000000bbe00000, 0x00000000bbf00000, 0x00000000bbf00000|100%|HC|  |TAMS 0x00000000bbe00000| PB 0x00000000bbe00000| Complete |  0
| 959|0x00000000bbf00000, 0x00000000bc000000, 0x00000000bc000000|100%|HS|  |TAMS 0x00000000bbf00000| PB 0x00000000bbf00000| Complete |  0
| 960|0x00000000bc000000, 0x00000000bc100000, 0x00000000bc100000|100%|HC|  |TAMS 0x00000000bc000000| PB 0x00000000bc000000| Complete |  0
| 961|0x00000000bc100000, 0x00000000bc200000, 0x00000000bc200000|100%|HS|  |TAMS 0x00000000bc100000| PB 0x00000000bc100000| Complete |  0
| 962|0x00000000bc200000, 0x00000000bc300000, 0x00000000bc300000|100%|HC|  |TAMS 0x00000000bc200000| PB 0x00000000bc200000| Complete |  0
| 963|0x00000000bc300000, 0x00000000bc400000, 0x00000000bc400000|100%|HS|  |TAMS 0x00000000bc300000| PB 0x00000000bc300000| Complete |  0
| 964|0x00000000bc400000, 0x00000000bc500000, 0x00000000bc500000|100%|HC|  |TAMS 0x00000000bc400000| PB 0x00000000bc400000| Complete |  0
| 965|0x00000000bc500000, 0x00000000bc600000, 0x00000000bc600000|100%|HS|  |TAMS 0x00000000bc500000| PB 0x00000000bc500000| Complete |  0
| 966|0x00000000bc600000, 0x00000000bc700000, 0x00000000bc700000|100%|HC|  |TAMS 0x00000000bc600000| PB 0x00000000bc600000| Complete |  0
| 967|0x00000000bc700000, 0x00000000bc800000, 0x00000000bc800000|100%|HS|  |TAMS 0x00000000bc700000| PB 0x00000000bc700000| Complete |  0
| 968|0x00000000bc800000, 0x00000000bc900000, 0x00000000bc900000|100%|HC|  |TAMS 0x00000000bc800000| PB 0x00000000bc800000| Complete |  0
| 969|0x00000000bc900000, 0x00000000bca00000, 0x00000000bca00000|100%|HS|  |TAMS 0x00000000bc900000| PB 0x00000000bc900000| Complete |  0
| 970|0x00000000bca00000, 0x00000000bcb00000, 0x00000000bcb00000|100%|HC|  |TAMS 0x00000000bca00000| PB 0x00000000bca00000| Complete |  0
| 971|0x00000000bcb00000, 0x00000000bcc00000, 0x00000000bcc00000|100%|HS|  |TAMS 0x00000000bcb00000| PB 0x00000000bcb00000| Complete |  0
| 972|0x00000000bcc00000, 0x00000000bcd00000, 0x00000000bcd00000|100%|HC|  |TAMS 0x00000000bcc00000| PB 0x00000000bcc00000| Complete |  0
| 973|0x00000000bcd00000, 0x00000000bce00000, 0x00000000bce00000|100%|HS|  |TAMS 0x00000000bcd00000| PB 0x00000000bcd00000| Complete |  0
| 974|0x00000000bce00000, 0x00000000bcf00000, 0x00000000bcf00000|100%|HC|  |TAMS 0x00000000bce00000| PB 0x00000000bce00000| Complete |  0
| 975|0x00000000bcf00000, 0x00000000bd000000, 0x00000000bd000000|100%|HS|  |TAMS 0x00000000bcf00000| PB 0x00000000bcf00000| Complete |  0
| 976|0x00000000bd000000, 0x00000000bd100000, 0x00000000bd100000|100%|HC|  |TAMS 0x00000000bd000000| PB 0x00000000bd000000| Complete |  0
| 977|0x00000000bd100000, 0x00000000bd200000, 0x00000000bd200000|100%|HS|  |TAMS 0x00000000bd100000| PB 0x00000000bd100000| Complete |  0
| 978|0x00000000bd200000, 0x00000000bd300000, 0x00000000bd300000|100%|HC|  |TAMS 0x00000000bd200000| PB 0x00000000bd200000| Complete |  0
| 979|0x00000000bd300000, 0x00000000bd400000, 0x00000000bd400000|100%|HS|  |TAMS 0x00000000bd300000| PB 0x00000000bd300000| Complete |  0
| 980|0x00000000bd400000, 0x00000000bd500000, 0x00000000bd500000|100%|HC|  |TAMS 0x00000000bd400000| PB 0x00000000bd400000| Complete |  0
| 981|0x00000000bd500000, 0x00000000bd600000, 0x00000000bd600000|100%|HS|  |TAMS 0x00000000bd500000| PB 0x00000000bd500000| Complete |  0
| 982|0x00000000bd600000, 0x00000000bd700000, 0x00000000bd700000|100%|HC|  |TAMS 0x00000000bd600000| PB 0x00000000bd600000| Complete |  0
| 983|0x00000000bd700000, 0x00000000bd800000, 0x00000000bd800000|100%|HS|  |TAMS 0x00000000bd700000| PB 0x00000000bd700000| Complete |  0
| 984|0x00000000bd800000, 0x00000000bd900000, 0x00000000bd900000|100%|HC|  |TAMS 0x00000000bd800000| PB 0x00000000bd800000| Complete |  0
| 985|0x00000000bd900000, 0x00000000bda00000, 0x00000000bda00000|100%|HS|  |TAMS 0x00000000bd900000| PB 0x00000000bd900000| Complete |  0
| 986|0x00000000bda00000, 0x00000000bdb00000, 0x00000000bdb00000|100%|HC|  |TAMS 0x00000000bda00000| PB 0x00000000bda00000| Complete |  0
| 987|0x00000000bdb00000, 0x00000000bdc00000, 0x00000000bdc00000|100%|HS|  |TAMS 0x00000000bdb00000| PB 0x00000000bdb00000| Complete |  0
| 988|0x00000000bdc00000, 0x00000000bdd00000, 0x00000000bdd00000|100%|HC|  |TAMS 0x00000000bdc00000| PB 0x00000000bdc00000| Complete |  0
| 989|0x00000000bdd00000, 0x00000000bde00000, 0x00000000bde00000|100%|HS|  |TAMS 0x00000000bdd00000| PB 0x00000000bdd00000| Complete |  0
| 990|0x00000000bde00000, 0x00000000bdf00000, 0x00000000bdf00000|100%|HC|  |TAMS 0x00000000bde00000| PB 0x00000000bde00000| Complete |  0
| 991|0x00000000bdf00000, 0x00000000be000000, 0x00000000be000000|100%|HS|  |TAMS 0x00000000bdf00000| PB 0x00000000bdf00000| Complete |  0
| 992|0x00000000be000000, 0x00000000be100000, 0x00000000be100000|100%|HC|  |TAMS 0x00000000be000000| PB 0x00000000be000000| Complete |  0
| 993|0x00000000be100000, 0x00000000be200000, 0x00000000be200000|100%|HS|  |TAMS 0x00000000be100000| PB 0x00000000be100000| Complete |  0
| 994|0x00000000be200000, 0x00000000be300000, 0x00000000be300000|100%|HC|  |TAMS 0x00000000be200000| PB 0x00000000be200000| Complete |  0
| 995|0x00000000be300000, 0x00000000be400000, 0x00000000be400000|100%|HS|  |TAMS 0x00000000be300000| PB 0x00000000be300000| Complete |  0
| 996|0x00000000be400000, 0x00000000be500000, 0x00000000be500000|100%|HC|  |TAMS 0x00000000be400000| PB 0x00000000be400000| Complete |  0
| 997|0x00000000be500000, 0x00000000be600000, 0x00000000be600000|100%|HS|  |TAMS 0x00000000be500000| PB 0x00000000be500000| Complete |  0
| 998|0x00000000be600000, 0x00000000be700000, 0x00000000be700000|100%|HC|  |TAMS 0x00000000be600000| PB 0x00000000be600000| Complete |  0
| 999|0x00000000be700000, 0x00000000be800000, 0x00000000be800000|100%|HS|  |TAMS 0x00000000be700000| PB 0x00000000be700000| Complete |  0
|1000|0x00000000be800000, 0x00000000be900000, 0x00000000be900000|100%|HC|  |TAMS 0x00000000be800000| PB 0x00000000be800000| Complete |  0
|1001|0x00000000be900000, 0x00000000bea00000, 0x00000000bea00000|100%|HS|  |TAMS 0x00000000be900000| PB 0x00000000be900000| Complete |  0
|1002|0x00000000bea00000, 0x00000000beb00000, 0x00000000beb00000|100%|HC|  |TAMS 0x00000000bea00000| PB 0x00000000bea00000| Complete |  0
|1003|0x00000000beb00000, 0x00000000bec00000, 0x00000000bec00000|100%|HS|  |TAMS 0x00000000beb00000| PB 0x00000000beb00000| Complete |  0
|1004|0x00000000bec00000, 0x00000000bed00000, 0x00000000bed00000|100%|HC|  |TAMS 0x00000000bec00000| PB 0x00000000bec00000| Complete |  0
|1005|0x00000000bed00000, 0x00000000bee00000, 0x00000000bee00000|100%|HS|  |TAMS 0x00000000bed00000| PB 0x00000000bed00000| Complete |  0
|1006|0x00000000bee00000, 0x00000000bef00000, 0x00000000bef00000|100%|HC|  |TAMS 0x00000000bee00000| PB 0x00000000bee00000| Complete |  0
|1007|0x00000000bef00000, 0x00000000bf000000, 0x00000000bf000000|100%|HS|  |TAMS 0x00000000bef00000| PB 0x00000000bef00000| Complete |  0
|1008|0x00000000bf000000, 0x00000000bf100000, 0x00000000bf100000|100%|HC|  |TAMS 0x00000000bf000000| PB 0x00000000bf000000| Complete |  0
|1009|0x00000000bf100000, 0x00000000bf200000, 0x00000000bf200000|100%|HS|  |TAMS 0x00000000bf100000| PB 0x00000000bf100000| Complete |  0
|1010|0x00000000bf200000, 0x00000000bf300000, 0x00000000bf300000|100%|HC|  |TAMS 0x00000000bf200000| PB 0x00000000bf200000| Complete |  0
|1011|0x00000000bf300000, 0x00000000bf400000, 0x00000000bf400000|100%|HS|  |TAMS 0x00000000bf300000| PB 0x00000000bf300000| Complete |  0
|1012|0x00000000bf400000, 0x00000000bf500000, 0x00000000bf500000|100%|HC|  |TAMS 0x00000000bf400000| PB 0x00000000bf400000| Complete |  0
|1013|0x00000000bf500000, 0x00000000bf600000, 0x00000000bf600000|100%|HS|  |TAMS 0x00000000bf500000| PB 0x00000000bf500000| Complete |  0
|1014|0x00000000bf600000, 0x00000000bf700000, 0x00000000bf700000|100%|HC|  |TAMS 0x00000000bf600000| PB 0x00000000bf600000| Complete |  0
|1015|0x00000000bf700000, 0x00000000bf800000, 0x00000000bf800000|100%|HS|  |TAMS 0x00000000bf700000| PB 0x00000000bf700000| Complete |  0
|1016|0x00000000bf800000, 0x00000000bf900000, 0x00000000bf900000|100%|HC|  |TAMS 0x00000000bf800000| PB 0x00000000bf800000| Complete |  0
|1017|0x00000000bf900000, 0x00000000bfa00000, 0x00000000bfa00000|100%|HS|  |TAMS 0x00000000bf900000| PB 0x00000000bf900000| Complete |  0
|1018|0x00000000bfa00000, 0x00000000bfb00000, 0x00000000bfb00000|100%|HC|  |TAMS 0x00000000bfa00000| PB 0x00000000bfa00000| Complete |  0
|1019|0x00000000bfb00000, 0x00000000bfc00000, 0x00000000bfc00000|100%|HS|  |TAMS 0x00000000bfb00000| PB 0x00000000bfb00000| Complete |  0
|1020|0x00000000bfc00000, 0x00000000bfd00000, 0x00000000bfd00000|100%|HC|  |TAMS 0x00000000bfc00000| PB 0x00000000bfc00000| Complete |  0
|1021|0x00000000bfd00000, 0x00000000bfe00000, 0x00000000bfe00000|100%|HS|  |TAMS 0x00000000bfd00000| PB 0x00000000bfd00000| Complete |  0
|1022|0x00000000bfe00000, 0x00000000bff00000, 0x00000000bff00000|100%|HC|  |TAMS 0x00000000bfe00000| PB 0x00000000bfe00000| Complete |  0
|1023|0x00000000bff00000, 0x00000000c0000000, 0x00000000c0000000|100%|HS|  |TAMS 0x00000000bff00000| PB 0x00000000bff00000| Complete |  0
|1024|0x00000000c0000000, 0x00000000c0100000, 0x00000000c0100000|100%|HC|  |TAMS 0x00000000c0000000| PB 0x00000000c0000000| Complete |  0
|1025|0x00000000c0100000, 0x00000000c0200000, 0x00000000c0200000|100%|HS|  |TAMS 0x00000000c0100000| PB 0x00000000c0100000| Complete |  0
|1026|0x00000000c0200000, 0x00000000c0300000, 0x00000000c0300000|100%|HC|  |TAMS 0x00000000c0200000| PB 0x00000000c0200000| Complete |  0
|1027|0x00000000c0300000, 0x00000000c0400000, 0x00000000c0400000|100%|HS|  |TAMS 0x00000000c0300000| PB 0x00000000c0300000| Complete |  0
|1028|0x00000000c0400000, 0x00000000c0500000, 0x00000000c0500000|100%|HC|  |TAMS 0x00000000c0400000| PB 0x00000000c0400000| Complete |  0
|1029|0x00000000c0500000, 0x00000000c0600000, 0x00000000c0600000|100%|HS|  |TAMS 0x00000000c0500000| PB 0x00000000c0500000| Complete |  0
|1030|0x00000000c0600000, 0x00000000c0700000, 0x00000000c0700000|100%|HC|  |TAMS 0x00000000c0600000| PB 0x00000000c0600000| Complete |  0
|1031|0x00000000c0700000, 0x00000000c0800000, 0x00000000c0800000|100%|HS|  |TAMS 0x00000000c0700000| PB 0x00000000c0700000| Complete |  0
|1032|0x00000000c0800000, 0x00000000c0900000, 0x00000000c0900000|100%|HC|  |TAMS 0x00000000c0800000| PB 0x00000000c0800000| Complete |  0
|1033|0x00000000c0900000, 0x00000000c0a00000, 0x00000000c0a00000|100%|HS|  |TAMS 0x00000000c0900000| PB 0x00000000c0900000| Complete |  0
|1034|0x00000000c0a00000, 0x00000000c0b00000, 0x00000000c0b00000|100%|HC|  |TAMS 0x00000000c0a00000| PB 0x00000000c0a00000| Complete |  0
|1035|0x00000000c0b00000, 0x00000000c0c00000, 0x00000000c0c00000|100%|HS|  |TAMS 0x00000000c0b00000| PB 0x00000000c0b00000| Complete |  0
|1036|0x00000000c0c00000, 0x00000000c0d00000, 0x00000000c0d00000|100%|HC|  |TAMS 0x00000000c0c00000| PB 0x00000000c0c00000| Complete |  0
|1037|0x00000000c0d00000, 0x00000000c0e00000, 0x00000000c0e00000|100%|HS|  |TAMS 0x00000000c0d00000| PB 0x00000000c0d00000| Complete |  0
|1038|0x00000000c0e00000, 0x00000000c0f00000, 0x00000000c0f00000|100%|HC|  |TAMS 0x00000000c0e00000| PB 0x00000000c0e00000| Complete |  0
|1039|0x00000000c0f00000, 0x00000000c1000000, 0x00000000c1000000|100%|HS|  |TAMS 0x00000000c0f00000| PB 0x00000000c0f00000| Complete |  0
|1040|0x00000000c1000000, 0x00000000c1100000, 0x00000000c1100000|100%|HC|  |TAMS 0x00000000c1000000| PB 0x00000000c1000000| Complete |  0
|1041|0x00000000c1100000, 0x00000000c1200000, 0x00000000c1200000|100%|HS|  |TAMS 0x00000000c1100000| PB 0x00000000c1100000| Complete |  0
|1042|0x00000000c1200000, 0x00000000c1300000, 0x00000000c1300000|100%|HC|  |TAMS 0x00000000c1200000| PB 0x00000000c1200000| Complete |  0
|1043|0x00000000c1300000, 0x00000000c1400000, 0x00000000c1400000|100%|HS|  |TAMS 0x00000000c1300000| PB 0x00000000c1300000| Complete |  0
|1044|0x00000000c1400000, 0x00000000c1500000, 0x00000000c1500000|100%|HC|  |TAMS 0x00000000c1400000| PB 0x00000000c1400000| Complete |  0
|1045|0x00000000c1500000, 0x00000000c1600000, 0x00000000c1600000|100%|HS|  |TAMS 0x00000000c1500000| PB 0x00000000c1500000| Complete |  0
|1046|0x00000000c1600000, 0x00000000c1700000, 0x00000000c1700000|100%|HC|  |TAMS 0x00000000c1600000| PB 0x00000000c1600000| Complete |  0
|1047|0x00000000c1700000, 0x00000000c1800000, 0x00000000c1800000|100%|HS|  |TAMS 0x00000000c1700000| PB 0x00000000c1700000| Complete |  0
|1048|0x00000000c1800000, 0x00000000c1900000, 0x00000000c1900000|100%|HC|  |TAMS 0x00000000c1800000| PB 0x00000000c1800000| Complete |  0
|1049|0x00000000c1900000, 0x00000000c1a00000, 0x00000000c1a00000|100%|HS|  |TAMS 0x00000000c1900000| PB 0x00000000c1900000| Complete |  0
|1050|0x00000000c1a00000, 0x00000000c1b00000, 0x00000000c1b00000|100%|HC|  |TAMS 0x00000000c1a00000| PB 0x00000000c1a00000| Complete |  0
|1051|0x00000000c1b00000, 0x00000000c1c00000, 0x00000000c1c00000|100%|HS|  |TAMS 0x00000000c1b00000| PB 0x00000000c1b00000| Complete |  0
|1052|0x00000000c1c00000, 0x00000000c1d00000, 0x00000000c1d00000|100%|HC|  |TAMS 0x00000000c1c00000| PB 0x00000000c1c00000| Complete |  0
|1053|0x00000000c1d00000, 0x00000000c1e00000, 0x00000000c1e00000|100%|HS|  |TAMS 0x00000000c1d00000| PB 0x00000000c1d00000| Complete |  0
|1054|0x00000000c1e00000, 0x00000000c1f00000, 0x00000000c1f00000|100%|HC|  |TAMS 0x00000000c1e00000| PB 0x00000000c1e00000| Complete |  0
|1055|0x00000000c1f00000, 0x00000000c2000000, 0x00000000c2000000|100%|HS|  |TAMS 0x00000000c1f00000| PB 0x00000000c1f00000| Complete |  0
|1056|0x00000000c2000000, 0x00000000c2100000, 0x00000000c2100000|100%|HC|  |TAMS 0x00000000c2000000| PB 0x00000000c2000000| Complete |  0
|1057|0x00000000c2100000, 0x00000000c2200000, 0x00000000c2200000|100%|HS|  |TAMS 0x00000000c2100000| PB 0x00000000c2100000| Complete |  0
|1058|0x00000000c2200000, 0x00000000c2300000, 0x00000000c2300000|100%|HC|  |TAMS 0x00000000c2200000| PB 0x00000000c2200000| Complete |  0
|1059|0x00000000c2300000, 0x00000000c2400000, 0x00000000c2400000|100%|HS|  |TAMS 0x00000000c2300000| PB 0x00000000c2300000| Complete |  0
|1060|0x00000000c2400000, 0x00000000c2500000, 0x00000000c2500000|100%|HC|  |TAMS 0x00000000c2400000| PB 0x00000000c2400000| Complete |  0
|1061|0x00000000c2500000, 0x00000000c2600000, 0x00000000c2600000|100%|HS|  |TAMS 0x00000000c2500000| PB 0x00000000c2500000| Complete |  0
|1062|0x00000000c2600000, 0x00000000c2700000, 0x00000000c2700000|100%|HC|  |TAMS 0x00000000c2600000| PB 0x00000000c2600000| Complete |  0
|1063|0x00000000c2700000, 0x00000000c2800000, 0x00000000c2800000|100%|HS|  |TAMS 0x00000000c2700000| PB 0x00000000c2700000| Complete |  0
|1064|0x00000000c2800000, 0x00000000c2900000, 0x00000000c2900000|100%|HC|  |TAMS 0x00000000c2800000| PB 0x00000000c2800000| Complete |  0
|1065|0x00000000c2900000, 0x00000000c2a00000, 0x00000000c2a00000|100%|HS|  |TAMS 0x00000000c2900000| PB 0x00000000c2900000| Complete |  0
|1066|0x00000000c2a00000, 0x00000000c2b00000, 0x00000000c2b00000|100%|HC|  |TAMS 0x00000000c2a00000| PB 0x00000000c2a00000| Complete |  0
|1067|0x00000000c2b00000, 0x00000000c2c00000, 0x00000000c2c00000|100%|HS|  |TAMS 0x00000000c2b00000| PB 0x00000000c2b00000| Complete |  0
|1068|0x00000000c2c00000, 0x00000000c2d00000, 0x00000000c2d00000|100%|HC|  |TAMS 0x00000000c2c00000| PB 0x00000000c2c00000| Complete |  0
|1069|0x00000000c2d00000, 0x00000000c2e00000, 0x00000000c2e00000|100%|HS|  |TAMS 0x00000000c2d00000| PB 0x00000000c2d00000| Complete |  0
|1070|0x00000000c2e00000, 0x00000000c2f00000, 0x00000000c2f00000|100%|HC|  |TAMS 0x00000000c2e00000| PB 0x00000000c2e00000| Complete |  0
|1071|0x00000000c2f00000, 0x00000000c3000000, 0x00000000c3000000|100%|HS|  |TAMS 0x00000000c2f00000| PB 0x00000000c2f00000| Complete |  0
|1072|0x00000000c3000000, 0x00000000c3100000, 0x00000000c3100000|100%|HC|  |TAMS 0x00000000c3000000| PB 0x00000000c3000000| Complete |  0
|1073|0x00000000c3100000, 0x00000000c3200000, 0x00000000c3200000|100%|HS|  |TAMS 0x00000000c3100000| PB 0x00000000c3100000| Complete |  0
|1074|0x00000000c3200000, 0x00000000c3300000, 0x00000000c3300000|100%|HC|  |TAMS 0x00000000c3200000| PB 0x00000000c3200000| Complete |  0
|1075|0x00000000c3300000, 0x00000000c3400000, 0x00000000c3400000|100%|HS|  |TAMS 0x00000000c3300000| PB 0x00000000c3300000| Complete |  0
|1076|0x00000000c3400000, 0x00000000c3500000, 0x00000000c3500000|100%|HC|  |TAMS 0x00000000c3400000| PB 0x00000000c3400000| Complete |  0
|1077|0x00000000c3500000, 0x00000000c3600000, 0x00000000c3600000|100%|HS|  |TAMS 0x00000000c3500000| PB 0x00000000c3500000| Complete |  0
|1078|0x00000000c3600000, 0x00000000c3700000, 0x00000000c3700000|100%|HC|  |TAMS 0x00000000c3600000| PB 0x00000000c3600000| Complete |  0
|1079|0x00000000c3700000, 0x00000000c3800000, 0x00000000c3800000|100%|HS|  |TAMS 0x00000000c3700000| PB 0x00000000c3700000| Complete |  0
|1080|0x00000000c3800000, 0x00000000c3900000, 0x00000000c3900000|100%|HC|  |TAMS 0x00000000c3800000| PB 0x00000000c3800000| Complete |  0
|1081|0x00000000c3900000, 0x00000000c3a00000, 0x00000000c3a00000|100%|HS|  |TAMS 0x00000000c3900000| PB 0x00000000c3900000| Complete |  0
|1082|0x00000000c3a00000, 0x00000000c3b00000, 0x00000000c3b00000|100%|HC|  |TAMS 0x00000000c3a00000| PB 0x00000000c3a00000| Complete |  0
|1083|0x00000000c3b00000, 0x00000000c3c00000, 0x00000000c3c00000|100%|HS|  |TAMS 0x00000000c3b00000| PB 0x00000000c3b00000| Complete |  0
|1084|0x00000000c3c00000, 0x00000000c3d00000, 0x00000000c3d00000|100%|HC|  |TAMS 0x00000000c3c00000| PB 0x00000000c3c00000| Complete |  0
|1085|0x00000000c3d00000, 0x00000000c3e00000, 0x00000000c3e00000|100%|HS|  |TAMS 0x00000000c3d00000| PB 0x00000000c3d00000| Complete |  0
|1086|0x00000000c3e00000, 0x00000000c3f00000, 0x00000000c3f00000|100%|HC|  |TAMS 0x00000000c3e00000| PB 0x00000000c3e00000| Complete |  0
|1087|0x00000000c3f00000, 0x00000000c4000000, 0x00000000c4000000|100%|HS|  |TAMS 0x00000000c3f00000| PB 0x00000000c3f00000| Complete |  0
|1088|0x00000000c4000000, 0x00000000c4100000, 0x00000000c4100000|100%|HC|  |TAMS 0x00000000c4000000| PB 0x00000000c4000000| Complete |  0
|1089|0x00000000c4100000, 0x00000000c4200000, 0x00000000c4200000|100%|HS|  |TAMS 0x00000000c4100000| PB 0x00000000c4100000| Complete |  0
|1090|0x00000000c4200000, 0x00000000c4300000, 0x00000000c4300000|100%|HC|  |TAMS 0x00000000c4200000| PB 0x00000000c4200000| Complete |  0
|1091|0x00000000c4300000, 0x00000000c4400000, 0x00000000c4400000|100%|HS|  |TAMS 0x00000000c4300000| PB 0x00000000c4300000| Complete |  0
|1092|0x00000000c4400000, 0x00000000c4500000, 0x00000000c4500000|100%|HC|  |TAMS 0x00000000c4400000| PB 0x00000000c4400000| Complete |  0
|1093|0x00000000c4500000, 0x00000000c4600000, 0x00000000c4600000|100%|HS|  |TAMS 0x00000000c4500000| PB 0x00000000c4500000| Complete |  0
|1094|0x00000000c4600000, 0x00000000c4700000, 0x00000000c4700000|100%|HC|  |TAMS 0x00000000c4600000| PB 0x00000000c4600000| Complete |  0
|1095|0x00000000c4700000, 0x00000000c4800000, 0x00000000c4800000|100%|HS|  |TAMS 0x00000000c4700000| PB 0x00000000c4700000| Complete |  0
|1096|0x00000000c4800000, 0x00000000c4900000, 0x00000000c4900000|100%|HC|  |TAMS 0x00000000c4800000| PB 0x00000000c4800000| Complete |  0
|1097|0x00000000c4900000, 0x00000000c4a00000, 0x00000000c4a00000|100%|HS|  |TAMS 0x00000000c4900000| PB 0x00000000c4900000| Complete |  0
|1098|0x00000000c4a00000, 0x00000000c4b00000, 0x00000000c4b00000|100%|HC|  |TAMS 0x00000000c4a00000| PB 0x00000000c4a00000| Complete |  0
|1099|0x00000000c4b00000, 0x00000000c4c00000, 0x00000000c4c00000|100%|HS|  |TAMS 0x00000000c4b00000| PB 0x00000000c4b00000| Complete |  0
|1100|0x00000000c4c00000, 0x00000000c4d00000, 0x00000000c4d00000|100%|HC|  |TAMS 0x00000000c4c00000| PB 0x00000000c4c00000| Complete |  0
|1101|0x00000000c4d00000, 0x00000000c4e00000, 0x00000000c4e00000|100%|HS|  |TAMS 0x00000000c4d00000| PB 0x00000000c4d00000| Complete |  0
|1102|0x00000000c4e00000, 0x00000000c4f00000, 0x00000000c4f00000|100%|HC|  |TAMS 0x00000000c4e00000| PB 0x00000000c4e00000| Complete |  0
|1103|0x00000000c4f00000, 0x00000000c5000000, 0x00000000c5000000|100%|HS|  |TAMS 0x00000000c4f00000| PB 0x00000000c4f00000| Complete |  0
|1104|0x00000000c5000000, 0x00000000c5100000, 0x00000000c5100000|100%|HC|  |TAMS 0x00000000c5000000| PB 0x00000000c5000000| Complete |  0
|1105|0x00000000c5100000, 0x00000000c5200000, 0x00000000c5200000|100%|HS|  |TAMS 0x00000000c5100000| PB 0x00000000c5100000| Complete |  0
|1106|0x00000000c5200000, 0x00000000c5300000, 0x00000000c5300000|100%|HC|  |TAMS 0x00000000c5200000| PB 0x00000000c5200000| Complete |  0
|1107|0x00000000c5300000, 0x00000000c5400000, 0x00000000c5400000|100%|HS|  |TAMS 0x00000000c5300000| PB 0x00000000c5300000| Complete |  0
|1108|0x00000000c5400000, 0x00000000c5500000, 0x00000000c5500000|100%|HC|  |TAMS 0x00000000c5400000| PB 0x00000000c5400000| Complete |  0
|1109|0x00000000c5500000, 0x00000000c5600000, 0x00000000c5600000|100%|HS|  |TAMS 0x00000000c5500000| PB 0x00000000c5500000| Complete |  0
|1110|0x00000000c5600000, 0x00000000c5700000, 0x00000000c5700000|100%|HC|  |TAMS 0x00000000c5600000| PB 0x00000000c5600000| Complete |  0
|1111|0x00000000c5700000, 0x00000000c5800000, 0x00000000c5800000|100%|HS|  |TAMS 0x00000000c5700000| PB 0x00000000c5700000| Complete |  0
|1112|0x00000000c5800000, 0x00000000c5900000, 0x00000000c5900000|100%|HC|  |TAMS 0x00000000c5800000| PB 0x00000000c5800000| Complete |  0
|1113|0x00000000c5900000, 0x00000000c5a00000, 0x00000000c5a00000|100%|HS|  |TAMS 0x00000000c5900000| PB 0x00000000c5900000| Complete |  0
|1114|0x00000000c5a00000, 0x00000000c5b00000, 0x00000000c5b00000|100%|HC|  |TAMS 0x00000000c5a00000| PB 0x00000000c5a00000| Complete |  0
|1115|0x00000000c5b00000, 0x00000000c5c00000, 0x00000000c5c00000|100%|HS|  |TAMS 0x00000000c5b00000| PB 0x00000000c5b00000| Complete |  0
|1116|0x00000000c5c00000, 0x00000000c5d00000, 0x00000000c5d00000|100%|HC|  |TAMS 0x00000000c5c00000| PB 0x00000000c5c00000| Complete |  0
|1117|0x00000000c5d00000, 0x00000000c5e00000, 0x00000000c5e00000|100%|HS|  |TAMS 0x00000000c5d00000| PB 0x00000000c5d00000| Complete |  0
|1118|0x00000000c5e00000, 0x00000000c5f00000, 0x00000000c5f00000|100%|HC|  |TAMS 0x00000000c5e00000| PB 0x00000000c5e00000| Complete |  0
|1119|0x00000000c5f00000, 0x00000000c6000000, 0x00000000c6000000|100%|HS|  |TAMS 0x00000000c5f00000| PB 0x00000000c5f00000| Complete |  0
|1120|0x00000000c6000000, 0x00000000c6100000, 0x00000000c6100000|100%|HC|  |TAMS 0x00000000c6000000| PB 0x00000000c6000000| Complete |  0
|1121|0x00000000c6100000, 0x00000000c6200000, 0x00000000c6200000|100%|HS|  |TAMS 0x00000000c6100000| PB 0x00000000c6100000| Complete |  0
|1122|0x00000000c6200000, 0x00000000c6300000, 0x00000000c6300000|100%|HC|  |TAMS 0x00000000c6200000| PB 0x00000000c6200000| Complete |  0
|1123|0x00000000c6300000, 0x00000000c6400000, 0x00000000c6400000|100%|HS|  |TAMS 0x00000000c6300000| PB 0x00000000c6300000| Complete |  0
|1124|0x00000000c6400000, 0x00000000c6500000, 0x00000000c6500000|100%|HC|  |TAMS 0x00000000c6400000| PB 0x00000000c6400000| Complete |  0
|1125|0x00000000c6500000, 0x00000000c6600000, 0x00000000c6600000|100%|HS|  |TAMS 0x00000000c6500000| PB 0x00000000c6500000| Complete |  0
|1126|0x00000000c6600000, 0x00000000c6700000, 0x00000000c6700000|100%|HC|  |TAMS 0x00000000c6600000| PB 0x00000000c6600000| Complete |  0
|1127|0x00000000c6700000, 0x00000000c6800000, 0x00000000c6800000|100%|HS|  |TAMS 0x00000000c6700000| PB 0x00000000c6700000| Complete |  0
|1128|0x00000000c6800000, 0x00000000c6900000, 0x00000000c6900000|100%|HC|  |TAMS 0x00000000c6800000| PB 0x00000000c6800000| Complete |  0
|1129|0x00000000c6900000, 0x00000000c6a00000, 0x00000000c6a00000|100%|HS|  |TAMS 0x00000000c6900000| PB 0x00000000c6900000| Complete |  0
|1130|0x00000000c6a00000, 0x00000000c6b00000, 0x00000000c6b00000|100%|HC|  |TAMS 0x00000000c6a00000| PB 0x00000000c6a00000| Complete |  0
|1131|0x00000000c6b00000, 0x00000000c6c00000, 0x00000000c6c00000|100%|HS|  |TAMS 0x00000000c6b00000| PB 0x00000000c6b00000| Complete |  0
|1132|0x00000000c6c00000, 0x00000000c6d00000, 0x00000000c6d00000|100%|HC|  |TAMS 0x00000000c6c00000| PB 0x00000000c6c00000| Complete |  0
|1133|0x00000000c6d00000, 0x00000000c6e00000, 0x00000000c6e00000|100%|HS|  |TAMS 0x00000000c6d00000| PB 0x00000000c6d00000| Complete |  0
|1134|0x00000000c6e00000, 0x00000000c6f00000, 0x00000000c6f00000|100%|HC|  |TAMS 0x00000000c6e00000| PB 0x00000000c6e00000| Complete |  0
|1135|0x00000000c6f00000, 0x00000000c7000000, 0x00000000c7000000|100%|HS|  |TAMS 0x00000000c6f00000| PB 0x00000000c6f00000| Complete |  0
|1136|0x00000000c7000000, 0x00000000c7100000, 0x00000000c7100000|100%|HC|  |TAMS 0x00000000c7000000| PB 0x00000000c7000000| Complete |  0
|1137|0x00000000c7100000, 0x00000000c7200000, 0x00000000c7200000|100%|HS|  |TAMS 0x00000000c7100000| PB 0x00000000c7100000| Complete |  0
|1138|0x00000000c7200000, 0x00000000c7300000, 0x00000000c7300000|100%|HC|  |TAMS 0x00000000c7200000| PB 0x00000000c7200000| Complete |  0
|1139|0x00000000c7300000, 0x00000000c7400000, 0x00000000c7400000|100%|HS|  |TAMS 0x00000000c7300000| PB 0x00000000c7300000| Complete |  0
|1140|0x00000000c7400000, 0x00000000c7500000, 0x00000000c7500000|100%|HC|  |TAMS 0x00000000c7400000| PB 0x00000000c7400000| Complete |  0
|1141|0x00000000c7500000, 0x00000000c7600000, 0x00000000c7600000|100%|HS|  |TAMS 0x00000000c7500000| PB 0x00000000c7500000| Complete |  0
|1142|0x00000000c7600000, 0x00000000c7700000, 0x00000000c7700000|100%|HC|  |TAMS 0x00000000c7600000| PB 0x00000000c7600000| Complete |  0
|1143|0x00000000c7700000, 0x00000000c7800000, 0x00000000c7800000|100%|HS|  |TAMS 0x00000000c7700000| PB 0x00000000c7700000| Complete |  0
|1144|0x00000000c7800000, 0x00000000c7900000, 0x00000000c7900000|100%|HC|  |TAMS 0x00000000c7800000| PB 0x00000000c7800000| Complete |  0
|1145|0x00000000c7900000, 0x00000000c7a00000, 0x00000000c7a00000|100%|HS|  |TAMS 0x00000000c7900000| PB 0x00000000c7900000| Complete |  0
|1146|0x00000000c7a00000, 0x00000000c7b00000, 0x00000000c7b00000|100%|HC|  |TAMS 0x00000000c7a00000| PB 0x00000000c7a00000| Complete |  0
|1147|0x00000000c7b00000, 0x00000000c7c00000, 0x00000000c7c00000|100%|HS|  |TAMS 0x00000000c7b00000| PB 0x00000000c7b00000| Complete |  0
|1148|0x00000000c7c00000, 0x00000000c7d00000, 0x00000000c7d00000|100%|HC|  |TAMS 0x00000000c7c00000| PB 0x00000000c7c00000| Complete |  0
|1149|0x00000000c7d00000, 0x00000000c7e00000, 0x00000000c7e00000|100%|HS|  |TAMS 0x00000000c7d00000| PB 0x00000000c7d00000| Complete |  0
|1150|0x00000000c7e00000, 0x00000000c7f00000, 0x00000000c7f00000|100%|HC|  |TAMS 0x00000000c7e00000| PB 0x00000000c7e00000| Complete |  0
|1151|0x00000000c7f00000, 0x00000000c8000000, 0x00000000c8000000|100%|HS|  |TAMS 0x00000000c7f00000| PB 0x00000000c7f00000| Complete |  0
|1152|0x00000000c8000000, 0x00000000c8100000, 0x00000000c8100000|100%|HC|  |TAMS 0x00000000c8000000| PB 0x00000000c8000000| Complete |  0
|1153|0x00000000c8100000, 0x00000000c8200000, 0x00000000c8200000|100%|HS|  |TAMS 0x00000000c8100000| PB 0x00000000c8100000| Complete |  0
|1154|0x00000000c8200000, 0x00000000c8300000, 0x00000000c8300000|100%|HC|  |TAMS 0x00000000c8200000| PB 0x00000000c8200000| Complete |  0
|1155|0x00000000c8300000, 0x00000000c8400000, 0x00000000c8400000|100%|HS|  |TAMS 0x00000000c8300000| PB 0x00000000c8300000| Complete |  0
|1156|0x00000000c8400000, 0x00000000c8500000, 0x00000000c8500000|100%|HC|  |TAMS 0x00000000c8400000| PB 0x00000000c8400000| Complete |  0
|1157|0x00000000c8500000, 0x00000000c8600000, 0x00000000c8600000|100%|HS|  |TAMS 0x00000000c8500000| PB 0x00000000c8500000| Complete |  0
|1158|0x00000000c8600000, 0x00000000c8700000, 0x00000000c8700000|100%|HC|  |TAMS 0x00000000c8600000| PB 0x00000000c8600000| Complete |  0
|1159|0x00000000c8700000, 0x00000000c8800000, 0x00000000c8800000|100%|HS|  |TAMS 0x00000000c8700000| PB 0x00000000c8700000| Complete |  0
|1160|0x00000000c8800000, 0x00000000c8900000, 0x00000000c8900000|100%|HC|  |TAMS 0x00000000c8800000| PB 0x00000000c8800000| Complete |  0
|1161|0x00000000c8900000, 0x00000000c8a00000, 0x00000000c8a00000|100%|HS|  |TAMS 0x00000000c8900000| PB 0x00000000c8900000| Complete |  0
|1162|0x00000000c8a00000, 0x00000000c8b00000, 0x00000000c8b00000|100%|HC|  |TAMS 0x00000000c8a00000| PB 0x00000000c8a00000| Complete |  0
|1163|0x00000000c8b00000, 0x00000000c8c00000, 0x00000000c8c00000|100%|HS|  |TAMS 0x00000000c8b00000| PB 0x00000000c8b00000| Complete |  0
|1164|0x00000000c8c00000, 0x00000000c8d00000, 0x00000000c8d00000|100%|HC|  |TAMS 0x00000000c8c00000| PB 0x00000000c8c00000| Complete |  0
|2007|0x00000000fd700000, 0x00000000fd800000, 0x00000000fd800000|100%| O|Cm|TAMS 0x00000000fd700000| PB 0x00000000fd700000| Complete |  0
|2008|0x00000000fd800000, 0x00000000fd900000, 0x00000000fd900000|100%| E|CS|TAMS 0x00000000fd800000| PB 0x00000000fd800000| Complete |  0
|2009|0x00000000fd900000, 0x00000000fda00000, 0x00000000fda00000|100%| E|CS|TAMS 0x00000000fd900000| PB 0x00000000fd900000| Complete |  0
|2010|0x00000000fda00000, 0x00000000fdb00000, 0x00000000fdb00000|100%| O|  |TAMS 0x00000000fda00000| PB 0x00000000fda00000| Untracked |  0
|2011|0x00000000fdb00000, 0x00000000fdc00000, 0x00000000fdc00000|100%| O|  |TAMS 0x00000000fdb00000| PB 0x00000000fdb00000| Untracked |  0
|2012|0x00000000fdc00000, 0x00000000fdd00000, 0x00000000fdd00000|100%| O|  |TAMS 0x00000000fdc00000| PB 0x00000000fdc00000| Untracked |  0
|2013|0x00000000fdd00000, 0x00000000fde00000, 0x00000000fde00000|100%| O|  |TAMS 0x00000000fdd00000| PB 0x00000000fdd00000| Untracked |  0
|2014|0x00000000fde00000, 0x00000000fdf00000, 0x00000000fdf00000|100%| E|CS|TAMS 0x00000000fde00000| PB 0x00000000fde00000| Complete |  0
|2015|0x00000000fdf00000, 0x00000000fe000000, 0x00000000fe000000|100%| O|  |TAMS 0x00000000fdf00000| PB 0x00000000fdf00000| Untracked |  0
|2016|0x00000000fe000000, 0x00000000fe100000, 0x00000000fe100000|100%| O|  |TAMS 0x00000000fe000000| PB 0x00000000fe000000| Untracked |  0
|2017|0x00000000fe100000, 0x00000000fe200000, 0x00000000fe200000|100%| O|  |TAMS 0x00000000fe100000| PB 0x00000000fe100000| Untracked |  0
|2018|0x00000000fe200000, 0x00000000fe300000, 0x00000000fe300000|100%| E|CS|TAMS 0x00000000fe200000| PB 0x00000000fe200000| Complete |  0
|2019|0x00000000fe300000, 0x00000000fe400000, 0x00000000fe400000|100%| O|  |TAMS 0x00000000fe300000| PB 0x00000000fe300000| Untracked |  0
|2020|0x00000000fe400000, 0x00000000fe500000, 0x00000000fe500000|100%| E|CS|TAMS 0x00000000fe400000| PB 0x00000000fe400000| Complete |  0
|2021|0x00000000fe500000, 0x00000000fe600000, 0x00000000fe600000|100%| E|CS|TAMS 0x00000000fe500000| PB 0x00000000fe500000| Complete |  0
|2022|0x00000000fe600000, 0x00000000fe700000, 0x00000000fe700000|100%| O|  |TAMS 0x00000000fe600000| PB 0x00000000fe600000| Untracked |  0
|2023|0x00000000fe700000, 0x00000000fe800000, 0x00000000fe800000|100%| O|  |TAMS 0x00000000fe700000| PB 0x00000000fe700000| Untracked |  0
|2024|0x00000000fe800000, 0x00000000fe900000, 0x00000000fe900000|100%| O|  |TAMS 0x00000000fe800000| PB 0x00000000fe800000| Untracked |  0
|2025|0x00000000fe900000, 0x00000000fea00000, 0x00000000fea00000|100%| O|  |TAMS 0x00000000fe900000| PB 0x00000000fe900000| Untracked |  0
|2026|0x00000000fea00000, 0x00000000feb00000, 0x00000000feb00000|100%| E|CS|TAMS 0x00000000fea00000| PB 0x00000000fea00000| Complete |  0
|2027|0x00000000feb00000, 0x00000000fec00000, 0x00000000fec00000|100%| E|CS|TAMS 0x00000000feb00000| PB 0x00000000feb00000| Complete |  0
|2028|0x00000000fec00000, 0x00000000fecc0018, 0x00000000fed00000| 75%| S|CS|TAMS 0x00000000fec00000| PB 0x00000000fec00000| Complete |  0
|2029|0x00000000fed00000, 0x00000000fee00000, 0x00000000fee00000|100%| S|CS|TAMS 0x00000000fed00000| PB 0x00000000fed00000| Complete |  0
|2030|0x00000000fee00000, 0x00000000fef00000, 0x00000000fef00000|100%| S|CS|TAMS 0x00000000fee00000| PB 0x00000000fee00000| Complete |  0
|2031|0x00000000fef00000, 0x00000000ff000000, 0x00000000ff000000|100%| S|CS|TAMS 0x00000000fef00000| PB 0x00000000fef00000| Complete |  0
|2032|0x00000000ff000000, 0x00000000ff100000, 0x00000000ff100000|100%| S|CS|TAMS 0x00000000ff000000| PB 0x00000000ff000000| Complete |  0
|2033|0x00000000ff100000, 0x00000000ff200000, 0x00000000ff200000|100%| E|CS|TAMS 0x00000000ff100000| PB 0x00000000ff100000| Complete |  0
|2034|0x00000000ff200000, 0x00000000ff300000, 0x00000000ff300000|100%| E|CS|TAMS 0x00000000ff200000| PB 0x00000000ff200000| Complete |  0
|2035|0x00000000ff300000, 0x00000000ff400000, 0x00000000ff400000|100%| E|CS|TAMS 0x00000000ff300000| PB 0x00000000ff300000| Complete |  0
|2036|0x00000000ff400000, 0x00000000ff500000, 0x00000000ff500000|100%| E|CS|TAMS 0x00000000ff400000| PB 0x00000000ff400000| Complete |  0
|2037|0x00000000ff500000, 0x00000000ff600000, 0x00000000ff600000|100%| E|CS|TAMS 0x00000000ff500000| PB 0x00000000ff500000| Complete |  0
|2038|0x00000000ff600000, 0x00000000ff700000, 0x00000000ff700000|100%| O|  |TAMS 0x00000000ff600000| PB 0x00000000ff600000| Untracked |  0
|2039|0x00000000ff700000, 0x00000000ff800000, 0x00000000ff800000|100%| E|CS|TAMS 0x00000000ff700000| PB 0x00000000ff700000| Complete |  0
|2040|0x00000000ff800000, 0x00000000ff900000, 0x00000000ff900000|100%| E|CS|TAMS 0x00000000ff800000| PB 0x00000000ff800000| Complete |  0
|2041|0x00000000ff900000, 0x00000000ffa00000, 0x00000000ffa00000|100%| E|CS|TAMS 0x00000000ff900000| PB 0x00000000ff900000| Complete |  0
|2042|0x00000000ffa00000, 0x00000000ffb00000, 0x00000000ffb00000|100%| E|CS|TAMS 0x00000000ffa00000| PB 0x00000000ffa00000| Complete |  0
|2043|0x00000000ffb00000, 0x00000000ffc00000, 0x00000000ffc00000|100%| O|  |TAMS 0x00000000ffb00000| PB 0x00000000ffb00000| Untracked |  0
|2044|0x00000000ffc00000, 0x00000000ffd00000, 0x00000000ffd00000|100%| O|  |TAMS 0x00000000ffc00000| PB 0x00000000ffc00000| Untracked |  0
|2045|0x00000000ffd00000, 0x00000000ffe00000, 0x00000000ffe00000|100%| O|  |TAMS 0x00000000ffd00000| PB 0x00000000ffd00000| Untracked |  0
|2046|0x00000000ffe00000, 0x00000000fff00000, 0x00000000fff00000|100%| O|  |TAMS 0x00000000ffe00000| PB 0x00000000ffe00000| Untracked |  0
|2047|0x00000000fff00000, 0x0000000100000000, 0x0000000100000000|100%| E|CS|TAMS 0x00000000fff00000| PB 0x00000000fff00000| Complete |  0

Card table byte_map: [0x0000017739c60000,0x000001773a060000] _byte_map_base: 0x0000017739860000

Marking Bits: (CMBitMap*) 0x00000177217498c0
 Bits: [0x000001773a060000, 0x000001773c060000)

Polling page: 0x0000017720eb0000

Metaspace:
Metaspace        used 243945K, committed 248768K, reserved 1310720K
 class space     used 31418K, committed 33664K, reserved 1048576K

Usage:
  Non-class:    207.55 MB used.
      Class:     30.68 MB used.
       Both:    238.23 MB used.

Virtual space:
  Non-class space:      256.00 MB reserved,     210.06 MB ( 82%) committed,  4 nodes.
      Class space:        1.00 GB reserved,      32.88 MB (  3%) committed,  1 nodes.
             Both:        1.25 GB reserved,     242.94 MB ( 19%) committed. 

Chunk freelists:
   Non-Class:  14.35 MB
       Class:  15.99 MB
        Both:  30.33 MB

MaxMetaspaceSize: unlimited
CompressedClassSpaceSize: 1.00 GB
Initial GC threshold: 21.00 MB
Current GC threshold: 407.31 MB
CDS: on
 - commit_granule_bytes: 65536.
 - commit_granule_words: 8192.
 - virtual_space_node_default_size: 8388608.
 - enlarge_chunks_in_place: 1.
UseCompressedClassPointers 1, UseCompactObjectHeaders 0
Narrow klass pointer bits 32, Max shift 3
Narrow klass base: 0x000000002a000000, Narrow klass shift: 0
Encoding Range: [0x000000002a000000 - 0x000000012a000000), (4294967296 bytes)
Klass Range:    [0x000000002a010000 - 0x000000006b000000), (1090453504 bytes)
Klass ID Range:  [65536 - 1090519033) (1090453497)
Protection zone: [0x000000002a000000 - 0x000000002a010000), (65536 bytes)


Internal statistics:

num_allocs_failed_limit: 12.
num_arena_births: 9196.
num_arena_deaths: 4530.
num_vsnodes_births: 5.
num_vsnodes_deaths: 0.
num_space_committed: 4052.
num_space_uncommitted: 68.
num_chunks_returned_to_freelist: 6530.
num_chunks_taken_from_freelist: 22931.
num_chunk_merges: 1834.
num_chunk_splits: 13712.
num_chunks_enlarged: 8945.
num_inconsistent_stats: 0.

CodeHeap 'non-profiled nmethods': size=120064Kb used=28038Kb max_used=28753Kb free=92025Kb
 bounds [0x0000017731cc0000, 0x0000017733920000, 0x0000017739200000]
CodeHeap 'profiled nmethods': size=120064Kb used=53741Kb max_used=56781Kb free=66322Kb
 bounds [0x000001772a1e0000, 0x000001772da00000, 0x0000017731720000]
CodeHeap 'non-nmethods': size=5760Kb used=2515Kb max_used=2721Kb free=3244Kb
 bounds [0x0000017731720000, 0x00000177319f0000, 0x0000017731cc0000]
CodeCache: size=245888Kb, used=84294Kb, max_used=88255Kb, free=161591Kb
 total_blobs=34972, nmethods=33645, adapters=1226, full_count=0
Compilation: enabled, stopped_count=0, restarted_count=0

Compilation events (20 events):
Event: 2659.179 Thread 0x000001773eb149b0 84309       3       org.objectweb.asm.FieldVisitor::<init> (79 bytes)
Event: 2659.179 Thread 0x000001773eb149b0 nmethod 84309 0x000001772b0b6588 code [0x000001772b0b6680, 0x000001772b0b7180]
Event: 2659.180 Thread 0x000001773eb149b0 84313       3       org.objectweb.asm.FieldWriter::computeFieldInfoSize (86 bytes)
Event: 2659.180 Thread 0x000001773eb149b0 nmethod 84313 0x000001772b60da08 code [0x000001772b60db00, 0x000001772b60dec8]
Event: 2659.180 Thread 0x000001773eb149b0 84315       3       org.objectweb.asm.FieldWriter::putFieldInfo (269 bytes)
Event: 2659.181 Thread 0x000001773eb149b0 nmethod 84315 0x000001772bb0e388 code [0x000001772bb0e480, 0x000001772bb0eee0]
Event: 2659.181 Thread 0x000001773eb149b0 84310       3       com.google.common.base.CharMatcher$IsEither::matches (22 bytes)
Event: 2659.182 Thread 0x000001773eb149b0 nmethod 84310 0x000001772b30dc88 code [0x000001772b30dd80, 0x000001772b30df08]
Event: 2659.182 Thread 0x000001773eb149b0 84318       3       org.objectweb.asm.SymbolTable::addConstantClass (8 bytes)
Event: 2659.182 Thread 0x000001773eb149b0 nmethod 84318 0x000001772bae4308 code [0x000001772bae4400, 0x000001772bae4540]
Event: 2659.182 Thread 0x000001773eb149b0 84311       2       org.objectweb.asm.SymbolTable::hash (15 bytes)
Event: 2659.182 Thread 0x000001773eb149b0 nmethod 84311 0x000001772bae3f88 code [0x000001772bae4080, 0x000001772bae41c8]
Event: 2659.182 Thread 0x000001773eb149b0 84303       2       org.objectweb.asm.ClassWriter::visitEnd (1 bytes)
Event: 2659.182 Thread 0x000001773eb149b0 nmethod 84303 0x000001772c7f2708 code [0x000001772c7f2800, 0x000001772c7f2900]
Event: 2659.192 Thread 0x000001773eb13c70 nmethod 84167 0x000001773233c408 code [0x000001773233c500, 0x0000017732340f60]
Event: 2659.193 Thread 0x000001773eb13c70 84306       4       org.objectweb.asm.SymbolTable::get (13 bytes)
Event: 2659.194 Thread 0x000001773eb13c70 nmethod 84306 0x000001773341ce88 code [0x000001773341cf80, 0x000001773341d068]
Event: 2659.195 Thread 0x000001773eb13c70 84172   !   4       com.android.tools.r8.graph.r1::<init> (346 bytes)
Event: 2659.295 Thread 0x0000017748cb9060 nmethod 84231% 0x0000017732b7b808 code [0x0000017732b7b920, 0x0000017732b846d8]
Event: 2659.295 Thread 0x0000017748cb9060 84262       4       com.android.tools.r8.graph.w2::a (63 bytes)

GC Heap Usage History (20 events):
Event: 2567.165 {heap Before GC invocations=145 (full 0):
 garbage-first heap   total reserved 2097152K, committed 908288K, used 776192K [0x0000000080000000, 0x0000000100000000)
  region size 1024K, 438 young (448512K), 58 survivors (59392K)
}
Event: 2567.231 {heap After GC invocations=146 (full 0):
 garbage-first heap   total reserved 2097152K, committed 908288K, used 449024K [0x0000000080000000, 0x0000000100000000)
  region size 1024K, 55 young (56320K), 55 survivors (56320K)
}
Event: 2570.421 {heap Before GC invocations=147 (full 0):
 garbage-first heap   total reserved 2097152K, committed 908288K, used 691712K [0x0000000080000000, 0x0000000100000000)
  region size 1024K, 380 young (389120K), 55 survivors (56320K)
}
Event: 2570.482 {heap After GC invocations=148 (full 0):
 garbage-first heap   total reserved 2097152K, committed 908288K, used 401408K [0x0000000080000000, 0x0000000100000000)
  region size 1024K, 42 young (43008K), 42 survivors (43008K)
}
Event: 2645.594 {heap Before GC invocations=148 (full 0):
 garbage-first heap   total reserved 2097152K, committed 908288K, used 763904K [0x0000000080000000, 0x0000000100000000)
  region size 1024K, 397 young (406528K), 42 survivors (43008K)
}
Event: 2645.622 {heap After GC invocations=149 (full 0):
 garbage-first heap   total reserved 2097152K, committed 908288K, used 345600K [0x0000000080000000, 0x0000000100000000)
  region size 1024K, 10 young (10240K), 10 survivors (10240K)
}
Event: 2647.531 {heap Before GC invocations=149 (full 0):
 garbage-first heap   total reserved 2097152K, committed 908288K, used 754176K [0x0000000080000000, 0x0000000100000000)
  region size 1024K, 411 young (420864K), 10 survivors (10240K)
}
Event: 2647.569 {heap After GC invocations=150 (full 0):
 garbage-first heap   total reserved 2097152K, committed 908288K, used 379392K [0x0000000080000000, 0x0000000100000000)
  region size 1024K, 43 young (44032K), 43 survivors (44032K)
}
Event: 2648.644 {heap Before GC invocations=151 (full 0):
 garbage-first heap   total reserved 2097152K, committed 908288K, used 691712K [0x0000000080000000, 0x0000000100000000)
  region size 1024K, 439 young (449536K), 43 survivors (44032K)
}
Event: 2648.702 {heap After GC invocations=152 (full 0):
 garbage-first heap   total reserved 2097152K, committed 908288K, used 302958K [0x0000000080000000, 0x0000000100000000)
  region size 1024K, 18 young (18432K), 18 survivors (18432K)
}
Event: 2650.011 {heap Before GC invocations=152 (full 0):
 garbage-first heap   total reserved 2097152K, committed 908288K, used 790382K [0x0000000080000000, 0x0000000100000000)
  region size 1024K, 490 young (501760K), 18 survivors (18432K)
}
Event: 2650.087 {heap After GC invocations=153 (full 0):
 garbage-first heap   total reserved 2097152K, committed 908288K, used 321024K [0x0000000080000000, 0x0000000100000000)
  region size 1024K, 61 young (62464K), 61 survivors (62464K)
}
Event: 2651.341 {heap Before GC invocations=153 (full 0):
 garbage-first heap   total reserved 2097152K, committed 908288K, used 677375K [0x0000000080000000, 0x0000000100000000)
  region size 1024K, 411 young (420864K), 61 survivors (62464K)
}
Event: 2651.393 {heap After GC invocations=154 (full 0):
 garbage-first heap   total reserved 2097152K, committed 908288K, used 318464K [0x0000000080000000, 0x0000000100000000)
  region size 1024K, 9 young (9216K), 9 survivors (9216K)
}
Event: 2653.872 {heap Before GC invocations=155 (full 0):
 garbage-first heap   total reserved 2097152K, committed 908288K, used 798720K [0x0000000080000000, 0x0000000100000000)
  region size 1024K, 477 young (488448K), 9 survivors (9216K)
}
Event: 2653.887 {heap After GC invocations=156 (full 0):
 garbage-first heap   total reserved 2097152K, committed 908288K, used 325963K [0x0000000080000000, 0x0000000100000000)
  region size 1024K, 26 young (26624K), 26 survivors (26624K)
}
Event: 2655.385 {heap Before GC invocations=156 (full 0):
 garbage-first heap   total reserved 2097152K, committed 908288K, used 855371K [0x0000000080000000, 0x0000000100000000)
  region size 1024K, 493 young (504832K), 26 survivors (26624K)
}
Event: 2655.494 {heap After GC invocations=157 (full 0):
 garbage-first heap   total reserved 2097152K, committed 925696K, used 362252K [0x0000000080000000, 0x0000000100000000)
  region size 1024K, 62 young (63488K), 62 survivors (63488K)
}
Event: 2655.643 {heap Before GC invocations=157 (full 0):
 garbage-first heap   total reserved 2097152K, committed 925696K, used 370444K [0x0000000080000000, 0x0000000100000000)
  region size 1024K, 72 young (73728K), 62 survivors (63488K)
}
Event: 2655.688 {heap After GC invocations=158 (full 0):
 garbage-first heap   total reserved 2097152K, committed 925696K, used 367774K [0x0000000080000000, 0x0000000100000000)
  region size 1024K, 5 young (5120K), 5 survivors (5120K)
}

Metaspace Usage History (20 events):
Event: 2567.165 {metaspace Before GC invocations=145 (full 0):
 Metaspace       used 237725K, committed 243008K, reserved 1310720K
  class space    used 30723K, committed 33280K, reserved 1048576K
}
Event: 2567.231 {metaspace After GC invocations=146 (full 0):
 Metaspace       used 237725K, committed 243008K, reserved 1310720K
  class space    used 30723K, committed 33280K, reserved 1048576K
}
Event: 2570.421 {metaspace Before GC invocations=147 (full 0):
 Metaspace       used 241016K, committed 244416K, reserved 1310720K
  class space    used 31067K, committed 33280K, reserved 1048576K
}
Event: 2570.482 {metaspace After GC invocations=148 (full 0):
 Metaspace       used 241016K, committed 244416K, reserved 1310720K
  class space    used 31067K, committed 33280K, reserved 1048576K
}
Event: 2645.594 {metaspace Before GC invocations=148 (full 0):
 Metaspace       used 246977K, committed 249664K, reserved 1310720K
  class space    used 31817K, committed 33280K, reserved 1048576K
}
Event: 2645.622 {metaspace After GC invocations=149 (full 0):
 Metaspace       used 246977K, committed 249664K, reserved 1310720K
  class space    used 31817K, committed 33280K, reserved 1048576K
}
Event: 2647.531 {metaspace Before GC invocations=149 (full 0):
 Metaspace       used 247436K, committed 250048K, reserved 1310720K
  class space    used 31903K, committed 33280K, reserved 1048576K
}
Event: 2647.569 {metaspace After GC invocations=150 (full 0):
 Metaspace       used 247436K, committed 250048K, reserved 1310720K
  class space    used 31903K, committed 33280K, reserved 1048576K
}
Event: 2648.644 {metaspace Before GC invocations=151 (full 0):
 Metaspace       used 247740K, committed 250496K, reserved 1310720K
  class space    used 31918K, committed 33280K, reserved 1048576K
}
Event: 2648.702 {metaspace After GC invocations=152 (full 0):
 Metaspace       used 247740K, committed 250496K, reserved 1310720K
  class space    used 31918K, committed 33280K, reserved 1048576K
}
Event: 2650.011 {metaspace Before GC invocations=152 (full 0):
 Metaspace       used 248720K, committed 251264K, reserved 1310720K
  class space    used 32048K, committed 33344K, reserved 1048576K
}
Event: 2650.087 {metaspace After GC invocations=153 (full 0):
 Metaspace       used 248720K, committed 251264K, reserved 1310720K
  class space    used 32048K, committed 33344K, reserved 1048576K
}
Event: 2651.341 {metaspace Before GC invocations=153 (full 0):
 Metaspace       used 251216K, committed 253760K, reserved 1310720K
  class space    used 32381K, committed 33664K, reserved 1048576K
}
Event: 2651.393 {metaspace After GC invocations=154 (full 0):
 Metaspace       used 251216K, committed 253760K, reserved 1310720K
  class space    used 32381K, committed 33664K, reserved 1048576K
}
Event: 2653.872 {metaspace Before GC invocations=155 (full 0):
 Metaspace       used 243621K, committed 248704K, reserved 1310720K
  class space    used 31373K, committed 33664K, reserved 1048576K
}
Event: 2653.887 {metaspace After GC invocations=156 (full 0):
 Metaspace       used 243621K, committed 248704K, reserved 1310720K
  class space    used 31373K, committed 33664K, reserved 1048576K
}
Event: 2655.385 {metaspace Before GC invocations=156 (full 0):
 Metaspace       used 243905K, committed 248704K, reserved 1310720K
  class space    used 31417K, committed 33664K, reserved 1048576K
}
Event: 2655.494 {metaspace After GC invocations=157 (full 0):
 Metaspace       used 243905K, committed 248704K, reserved 1310720K
  class space    used 31417K, committed 33664K, reserved 1048576K
}
Event: 2655.643 {metaspace Before GC invocations=157 (full 0):
 Metaspace       used 243905K, committed 248704K, reserved 1310720K
  class space    used 31417K, committed 33664K, reserved 1048576K
}
Event: 2655.688 {metaspace After GC invocations=158 (full 0):
 Metaspace       used 243905K, committed 248704K, reserved 1310720K
  class space    used 31417K, committed 33664K, reserved 1048576K
}

Dll operation events (20 events):
Event: 21.756 Loaded shared library C:\Users\Ashwin Prakash\.gradle\jdks\eclipse_adoptium-25-amd64-windows.2\bin\verify.dll
Event: 21.896 Loaded shared library C:\Users\Ashwin Prakash\.gradle\native\660c5614fbf4a5f2a75b1949f50a0caf5cd603558e7d8a26e50b933a0cfb79d1\windows-amd64\native-platform.dll
Event: 22.075 Loaded shared library C:\Users\Ashwin Prakash\.gradle\native\0.2.8\x86_64-windows-gnu\gradle-fileevents.dll
Event: 50.423 Loaded shared library C:\Users\Ashwin Prakash\.gradle\jdks\eclipse_adoptium-25-amd64-windows.2\bin\management.dll
Event: 50.428 Loaded shared library C:\Users\Ashwin Prakash\.gradle\jdks\eclipse_adoptium-25-amd64-windows.2\bin\management_ext.dll
Event: 50.583 Loaded shared library C:\Users\Ashwin Prakash\.gradle\jdks\eclipse_adoptium-25-amd64-windows.2\bin\extnet.dll
Event: 50.787 Loaded shared library C:\Users\Ashwin Prakash\.gradle\jdks\eclipse_adoptium-25-amd64-windows.2\bin\sunmscapi.dll
Event: 114.053 Loaded shared library C:\Users\Ashwin Prakash\.gradle\jdks\eclipse_adoptium-25-amd64-windows.2\bin\rmi.dll
Event: 164.175 Loaded shared library C:\Users\Ashwin Prakash\AppData\Local\Temp\jna-139925712\jna12154516514500238501.dll
Event: 170.667 Loaded shared library C:\Users\Ashwin Prakash\.gradle\jdks\eclipse_adoptium-25-amd64-windows.2\bin\awt.dll
Event: 175.635 Loaded shared library C:\Users\Ashwin Prakash\AppData\Local\Temp\sqlite-3.41.2.2-0329e5b0-9a91-4334-9bc2-a0a6c9d57dd4-sqlitejdbc.dll
Event: 203.149 Unloaded dll "C:\Users\Ashwin Prakash\AppData\Local\Temp\sqlite-3.41.2.2-0329e5b0-9a91-4334-9bc2-a0a6c9d57dd4-sqlitejdbc.dll" [0x00007ffa3f780000]
Event: 216.313 Loaded shared library C:\Users\Ashwin Prakash\AppData\Local\Temp\sqlite-3.41.2.2-8a4fecb2-aa99-456f-80f6-d219e3149aad-sqlitejdbc.dll
Event: 261.707 Unloaded dll "C:\Users\Ashwin Prakash\AppData\Local\Temp\sqlite-3.41.2.2-8a4fecb2-aa99-456f-80f6-d219e3149aad-sqlitejdbc.dll" [0x00007ffa3f930000]
Event: 1481.215 Loaded shared library C:\Users\Ashwin Prakash\AppData\Local\Temp\sqlite-3.41.2.2-42e73200-b3f0-467d-8c83-ad4bfbd4dd0b-sqlitejdbc.dll
Event: 1716.060 Unloaded dll "C:\Users\Ashwin Prakash\AppData\Local\Temp\sqlite-3.41.2.2-42e73200-b3f0-467d-8c83-ad4bfbd4dd0b-sqlitejdbc.dll" [0x00007ffa2c130000]
Event: 1767.786 Loaded shared library C:\Users\Ashwin Prakash\AppData\Local\Temp\sqlite-3.41.2.2-35c32077-ec1c-4c86-8b58-7d81f3fbe819-sqlitejdbc.dll
Event: 2493.216 Unloaded dll "C:\Users\Ashwin Prakash\AppData\Local\Temp\sqlite-3.41.2.2-35c32077-ec1c-4c86-8b58-7d81f3fbe819-sqlitejdbc.dll" [0x00007ffa2c130000]
Event: 2570.925 Loaded shared library C:\Users\Ashwin Prakash\AppData\Local\Temp\sqlite-3.41.2.2-1da5566b-b311-42da-be96-e64c395c561b-sqlitejdbc.dll
Event: 2651.837 Unloaded dll "C:\Users\Ashwin Prakash\AppData\Local\Temp\sqlite-3.41.2.2-1da5566b-b311-42da-be96-e64c395c561b-sqlitejdbc.dll" [0x00007ffa26fb0000]

Deoptimization events (20 events):
Event: 2658.807 Thread 0x0000017754d04440 DEOPT PACKING pc=0x000001772c9c7584 sp=0x00000028263fce00
Event: 2658.807 Thread 0x0000017754d04440 DEOPT UNPACKING pc=0x0000017731771702 sp=0x00000028263fc3d0 mode 0
Event: 2658.809 Thread 0x000001774eb4d670 DEOPT PACKING pc=0x000001772c9c7584 sp=0x00000028265fd2e0
Event: 2658.809 Thread 0x000001774eb4d670 DEOPT UNPACKING pc=0x0000017731771702 sp=0x00000028265fc8b0 mode 0
Event: 2658.843 Thread 0x000001775fbed240 DEOPT PACKING pc=0x000001772a2b4801 sp=0x00000028255fda80
Event: 2658.843 Thread 0x000001775fbed240 DEOPT UNPACKING pc=0x0000017731771702 sp=0x00000028255fcfe8 mode 0
Event: 2658.844 Thread 0x000001775fbed240 DEOPT PACKING pc=0x000001772a241c59 sp=0x00000028255fd980
Event: 2658.844 Thread 0x000001775fbed240 DEOPT UNPACKING pc=0x0000017731771702 sp=0x00000028255fcea0 mode 0
Event: 2658.844 Thread 0x000001775fbed240 DEOPT PACKING pc=0x000001772a2b4801 sp=0x00000028255fda80
Event: 2658.844 Thread 0x000001775fbed240 DEOPT UNPACKING pc=0x0000017731771702 sp=0x00000028255fcfe8 mode 0
Event: 2658.853 Thread 0x000001775fbed240 DEOPT PACKING pc=0x000001772c9c7584 sp=0x00000028255fd1b0
Event: 2658.853 Thread 0x000001775fbed240 DEOPT UNPACKING pc=0x0000017731771702 sp=0x00000028255fc780 mode 0
Event: 2658.855 Thread 0x000001775fbed240 DEOPT PACKING pc=0x000001772c9c7584 sp=0x00000028255fd1b0
Event: 2658.855 Thread 0x000001775fbed240 DEOPT UNPACKING pc=0x0000017731771702 sp=0x00000028255fc780 mode 0
Event: 2658.857 Thread 0x000001775fbed240 DEOPT PACKING pc=0x000001772c9c7584 sp=0x00000028255fd1b0
Event: 2658.857 Thread 0x000001775fbed240 DEOPT UNPACKING pc=0x0000017731771702 sp=0x00000028255fc780 mode 0
Event: 2658.860 Thread 0x000001775fbed240 DEOPT PACKING pc=0x000001772c9c7584 sp=0x00000028255fd450
Event: 2658.860 Thread 0x000001775fbed240 DEOPT UNPACKING pc=0x0000017731771702 sp=0x00000028255fca20 mode 0
Event: 2658.861 Thread 0x000001775fbed240 DEOPT PACKING pc=0x000001772c9c7584 sp=0x00000028255fd450
Event: 2658.861 Thread 0x000001775fbed240 DEOPT UNPACKING pc=0x0000017731771702 sp=0x00000028255fca20 mode 0

Classes loaded (20 events):
Event: 2651.217 Loading class java/util/TreeMap$DescendingSubMap
Event: 2651.220 Loading class java/util/TreeMap$NavigableSubMap
Event: 2651.223 Loading class java/util/TreeMap$NavigableSubMap done
Event: 2651.223 Loading class java/util/TreeMap$DescendingSubMap done
Event: 2651.223 Loading class java/util/Collections$ReverseComparator
Event: 2651.232 Loading class java/util/Collections$ReverseComparator done
Event: 2651.232 Loading class java/util/TreeMap$DescendingSubMap$DescendingEntrySetView
Event: 2651.232 Loading class java/util/TreeMap$NavigableSubMap$EntrySetView
Event: 2651.336 Loading class java/util/TreeMap$NavigableSubMap$EntrySetView done
Event: 2651.336 Loading class java/util/TreeMap$DescendingSubMap$DescendingEntrySetView done
Event: 2651.336 Loading class java/util/TreeMap$NavigableSubMap$DescendingSubMapEntryIterator
Event: 2651.338 Loading class java/util/TreeMap$NavigableSubMap$SubMapIterator
Event: 2651.338 Loading class java/util/TreeMap$NavigableSubMap$SubMapIterator done
Event: 2651.338 Loading class java/util/TreeMap$NavigableSubMap$DescendingSubMapEntryIterator done
Event: 2653.077 Loading class java/util/concurrent/ForkJoinTask$AdaptedCallable
Event: 2653.079 Loading class java/util/concurrent/ForkJoinTask$AdaptedCallable done
Event: 2654.455 Loading class java/util/TreeMap$AscendingSubMap
Event: 2654.456 Loading class java/util/TreeMap$AscendingSubMap done
Event: 2654.456 Loading class java/util/TreeMap$NavigableSubMap$SubMapKeyIterator
Event: 2654.456 Loading class java/util/TreeMap$NavigableSubMap$SubMapKeyIterator done

Classes unloaded (20 events):
Event: 2651.670 Thread 0x000001773eaf0700 Unloading class 0x000000002d0874b8 'androidx/room/compiler/processing/ksp/KspProcessingEnv$$Lambda+0x000000002d0874b8'
Event: 2651.670 Thread 0x000001773eaf0700 Unloading class 0x000000002d087288 'androidx/room/compiler/processing/ksp/KspProcessingEnv$$Lambda+0x000000002d087288'
Event: 2651.670 Thread 0x000001773eaf0700 Unloading class 0x000000002d086e38 'androidx/room/compiler/processing/XProcessingEnv$Platform'
Event: 2651.670 Thread 0x000001773eaf0700 Unloading class 0x000000002d086c08 'androidx/room/compiler/processing/ksp/KspProcessingEnv$$Lambda+0x000000002d086c08'
Event: 2651.670 Thread 0x000001773eaf0700 Unloading class 0x000000002d0867b8 'androidx/room/compiler/processing/XProcessingEnv$Backend'
Event: 2651.670 Thread 0x000001773eaf0700 Unloading class 0x000000002d0865a8 'androidx/room/compiler/processing/XProcessingEnv$Companion'
Event: 2651.670 Thread 0x000001773eaf0700 Unloading class 0x000000002d086208 'androidx/room/compiler/processing/ksp/KspProcessingEnv'
Event: 2651.670 Thread 0x000001773eaf0700 Unloading class 0x000000002d086000 'androidx/room/compiler/processing/XProcessingEnv'
Event: 2651.670 Thread 0x000001773eaf0700 Unloading class 0x000000002d090c98 'androidx/room/compiler/processing/ksp/KspBasicAnnotationProcessor$DelegateLogger'
Event: 2651.670 Thread 0x000001773eaf0700 Unloading class 0x000000002d090848 'androidx/room/processor/Context$BooleanProcessorOptions'
Event: 2651.670 Thread 0x000001773eaf0700 Unloading class 0x000000002d090630 'androidx/room/compiler/processing/XProcessingEnvConfig$Builder'
Event: 2651.670 Thread 0x000001773eaf0700 Unloading class 0x000000002d090420 'androidx/room/compiler/processing/XProcessingEnvConfig$Companion'
Event: 2651.670 Thread 0x000001773eaf0700 Unloading class 0x000000002d090210 'androidx/room/compiler/processing/XProcessingEnvConfig'
Event: 2651.670 Thread 0x000001773eaf0700 Unloading class 0x000000002d090000 'androidx/room/DatabaseProcessingStep$Companion'
Event: 2651.670 Thread 0x000001773eaf0700 Unloading class 0x000000002d0344a0 'androidx/room/DatabaseProcessingStep'
Event: 2651.671 Thread 0x000001773eaf0700 Unloading class 0x000000002d034298 'androidx/room/compiler/processing/XProcessingStep'
Event: 2651.671 Thread 0x000001773eaf0700 Unloading class 0x000000002d034000 'androidx/room/RoomKspProcessor'
Event: 2651.671 Thread 0x000001773eaf0700 Unloading class 0x000000002d03c430 'androidx/room/compiler/processing/ksp/KspBasicAnnotationProcessor'
Event: 2651.671 Thread 0x000001773eaf0700 Unloading class 0x000000002d03c228 'androidx/room/compiler/processing/XBasicAnnotationProcessor'
Event: 2651.671 Thread 0x000001773eaf0700 Unloading class 0x000000002d03c000 'androidx/room/RoomKspProcessor$Provider'

Classes redefined (0 events):
No events

Internal exceptions (20 events):
Event: 2656.768 Thread 0x000001776801e380 Exception <a 'sun/nio/fs/WindowsException'{0x00000000b08233e0}> (0x00000000b08233e0) 
thrown [s\src\hotspot\share\prims\jni.cpp, line 516]
Event: 2657.370 Thread 0x000001775f441000 Exception <a 'java/io/IOException'{0x00000000b14c5998}> (0x00000000b14c5998) 
thrown [s\src\hotspot\share\prims\jni.cpp, line 516]
Event: 2658.382 Thread 0x000001774fd16fc0 Exception <a 'java/lang/NoSuchMethodError'{0x00000000b025d018}: static Lcom/android/ide/common/resources/AssetItem;.<clinit>()V> (0x00000000b025d018) 
thrown [s\src\hotspot\share\prims\jni.cpp, line 1106]
Event: 2658.382 Thread 0x000001774fd16fc0 Exception <a 'java/lang/NoSuchMethodError'{0x00000000b025ffb8}: static Lcom/android/ide/common/resources/DataItem;.<clinit>()V> (0x00000000b025ffb8) 
thrown [s\src\hotspot\share\prims\jni.cpp, line 1106]
Event: 2658.383 Thread 0x000001774fd16fc0 Exception <a 'java/lang/NoSuchMethodError'{0x00000000b0280ba0}: static Lcom/android/ide/common/resources/AssetFile;.<clinit>()V> (0x00000000b0280ba0) 
thrown [s\src\hotspot\share\prims\jni.cpp, line 1106]
Event: 2658.383 Thread 0x000001774fd16fc0 Exception <a 'java/lang/NoSuchMethodError'{0x00000000b02862f0}: static Ljava/lang/Object;.<clinit>()V> (0x00000000b02862f0) 
thrown [s\src\hotspot\share\prims\jni.cpp, line 1106]
Event: 2658.384 Thread 0x0000017749071870 Exception <a 'sun/nio/fs/WindowsException'{0x00000000b0884860}> (0x00000000b0884860) 
thrown [s\src\hotspot\share\prims\jni.cpp, line 516]
Event: 2658.385 Thread 0x0000017749071870 Exception <a 'sun/nio/fs/WindowsException'{0x00000000b08851f8}> (0x00000000b08851f8) 
thrown [s\src\hotspot\share\prims\jni.cpp, line 516]
Event: 2658.404 Thread 0x000001775fbef180 Exception <a 'sun/nio/fs/WindowsException'{0x00000000b08dba38}> (0x00000000b08dba38) 
thrown [s\src\hotspot\share\prims\jni.cpp, line 516]
Event: 2658.405 Thread 0x000001775fbef180 Exception <a 'sun/nio/fs/WindowsException'{0x00000000b08dc308}> (0x00000000b08dc308) 
thrown [s\src\hotspot\share\prims\jni.cpp, line 516]
Event: 2658.406 Thread 0x000001775fbef180 Exception <a 'sun/nio/fs/WindowsException'{0x00000000b08dd2a8}> (0x00000000b08dd2a8) 
thrown [s\src\hotspot\share\prims\jni.cpp, line 516]
Event: 2658.406 Thread 0x000001775fbef180 Exception <a 'sun/nio/fs/WindowsException'{0x00000000b08ddc30}> (0x00000000b08ddc30) 
thrown [s\src\hotspot\share\prims\jni.cpp, line 516]
Event: 2658.792 Thread 0x000001774f519760 Exception <a 'sun/nio/fs/WindowsException'{0x00000000af9ff6f0}> (0x00000000af9ff6f0) 
thrown [s\src\hotspot\share\prims\jni.cpp, line 516]
Event: 2658.793 Thread 0x000001774f519760 Exception <a 'sun/nio/fs/WindowsException'{0x00000000af80d980}> (0x00000000af80d980) 
thrown [s\src\hotspot\share\prims\jni.cpp, line 516]
Event: 2658.794 Thread 0x000001774f519760 Exception <a 'sun/nio/fs/WindowsException'{0x00000000af813bd0}> (0x00000000af813bd0) 
thrown [s\src\hotspot\share\prims\jni.cpp, line 516]
Event: 2658.824 Thread 0x0000017754d04440 Exception <a 'sun/nio/fs/WindowsException'{0x00000000aed0a170}> (0x00000000aed0a170) 
thrown [s\src\hotspot\share\prims\jni.cpp, line 516]
Event: 2658.824 Thread 0x000001774eb4d670 Exception <a 'sun/nio/fs/WindowsException'{0x00000000aed2f200}> (0x00000000aed2f200) 
thrown [s\src\hotspot\share\prims\jni.cpp, line 516]
Event: 2658.889 Thread 0x000001775fbed240 Exception <a 'sun/nio/fs/WindowsException'{0x00000000adc88f78}> (0x00000000adc88f78) 
thrown [s\src\hotspot\share\prims\jni.cpp, line 516]
Event: 2659.158 Thread 0x0000017746696ed0 Exception <a 'sun/nio/fs/WindowsException'{0x00000000aced4130}> (0x00000000aced4130) 
thrown [s\src\hotspot\share\prims\jni.cpp, line 516]
Event: 2659.158 Thread 0x0000017746696ed0 Exception <a 'sun/nio/fs/WindowsException'{0x00000000aced42f0}> (0x00000000aced42f0) 
thrown [s\src\hotspot\share\prims\jni.cpp, line 516]

VM Operations (20 events):
Event: 2651.900 Executing safepoint VM operation: G1PauseCleanup
Event: 2651.957 Executing safepoint VM operation: G1PauseCleanup done
Event: 2652.968 Executing non-safepoint VM operation: HandshakeAllThreads (Deoptimize)
Event: 2652.968 Executing non-safepoint VM operation: HandshakeAllThreads (Deoptimize) done
Event: 2653.554 Executing non-safepoint VM operation: HandshakeAllThreads (Deoptimize)
Event: 2653.554 Executing non-safepoint VM operation: HandshakeAllThreads (Deoptimize) done
Event: 2653.872 Executing safepoint VM operation: G1CollectForAllocation (G1 Evacuation Pause)
Event: 2653.887 Executing safepoint VM operation: G1CollectForAllocation (G1 Evacuation Pause) done
Event: 2654.366 Executing non-safepoint VM operation: HandshakeAllThreads (Deoptimize)
Event: 2654.378 Executing non-safepoint VM operation: HandshakeAllThreads (Deoptimize) done
Event: 2654.447 Executing non-safepoint VM operation: HandshakeAllThreads (Deoptimize)
Event: 2654.448 Executing non-safepoint VM operation: HandshakeAllThreads (Deoptimize) done
Event: 2655.385 Executing safepoint VM operation: G1CollectForAllocation (G1 Evacuation Pause)
Event: 2655.494 Executing safepoint VM operation: G1CollectForAllocation (G1 Evacuation Pause) done
Event: 2655.643 Executing safepoint VM operation: G1TryInitiateConcMark (G1 Humongous Allocation)
Event: 2655.688 Executing safepoint VM operation: G1TryInitiateConcMark (G1 Humongous Allocation) done
Event: 2655.959 Executing safepoint VM operation: G1PauseRemark
Event: 2655.991 Executing safepoint VM operation: G1PauseRemark done
Event: 2656.055 Executing safepoint VM operation: G1PauseCleanup
Event: 2656.055 Executing safepoint VM operation: G1PauseCleanup done

Memory protections (0 events):
No events

Nmethod flushes (20 events):
Event: 2655.988 Thread 0x000001773eaf0700 flushing  nmethod 0x00000177334c7188
Event: 2655.988 Thread 0x000001773eaf0700 flushing  nmethod 0x00000177334c9008
Event: 2655.988 Thread 0x000001773eaf0700 flushing  nmethod 0x000001772a6a9988
Event: 2655.988 Thread 0x000001773eaf0700 flushing  nmethod 0x000001772a7e0688
Event: 2655.988 Thread 0x000001773eaf0700 flushing  nmethod 0x000001772a9f4008
Event: 2655.988 Thread 0x000001773eaf0700 flushing  nmethod 0x000001772ac1ba08
Event: 2655.988 Thread 0x000001773eaf0700 flushing  nmethod 0x000001772acca408
Event: 2655.988 Thread 0x000001773eaf0700 flushing  nmethod 0x000001772ade1b88
Event: 2655.988 Thread 0x000001773eaf0700 flushing  nmethod 0x000001772aece488
Event: 2655.988 Thread 0x000001773eaf0700 flushing  nmethod 0x000001772b1fa508
Event: 2655.988 Thread 0x000001773eaf0700 flushing  nmethod 0x000001772b2d0188
Event: 2655.988 Thread 0x000001773eaf0700 flushing  nmethod 0x000001772b785988
Event: 2655.988 Thread 0x000001773eaf0700 flushing  nmethod 0x000001772b940588
Event: 2655.988 Thread 0x000001773eaf0700 flushing  nmethod 0x000001772bc8d608
Event: 2655.988 Thread 0x000001773eaf0700 flushing  nmethod 0x000001772bea7488
Event: 2655.988 Thread 0x000001773eaf0700 flushing  nmethod 0x000001772bf09c88
Event: 2655.988 Thread 0x000001773eaf0700 flushing  nmethod 0x000001772bfa7f08
Event: 2655.988 Thread 0x000001773eaf0700 flushing  nmethod 0x000001772d2e1808
Event: 2655.988 Thread 0x000001773eaf0700 flushing  nmethod 0x000001772d2f2688
Event: 2655.988 Thread 0x000001773eaf0700 flushing  nmethod 0x000001772d2f2d08

Events (20 events):
Event: 2654.826 Thread 0x0000017768eee060 Thread added: 0x000001776801dbb0
Event: 2654.826 Thread 0x0000017768eee060 Thread added: 0x000001776801c440
Event: 2655.220 Thread 0x0000017746696ed0 Thread added: 0x00000177490710a0
Event: 2655.220 Thread 0x0000017746696ed0 Thread added: 0x0000017769f21af0
Event: 2655.531 Thread 0x0000017746698640 Thread exited: 0x0000017746698640
Event: 2655.895 Thread 0x000001776801c440 Thread exited: 0x000001776801c440
Event: 2655.900 Thread 0x0000017768eee060 Thread added: 0x000001776801bc70
Event: 2655.900 Thread 0x0000017768eee060 Thread added: 0x000001776801eb50
Event: 2656.265 Thread 0x000001776801bc70 Thread exited: 0x000001776801bc70
Event: 2656.265 Thread 0x000001776801eb50 Thread exited: 0x000001776801eb50
Event: 2656.368 Thread 0x0000017768eee060 Thread added: 0x000001775f441000
Event: 2656.379 Thread 0x000001775f441000 Thread added: 0x000001775fad7430
Event: 2656.472 Thread 0x000001775fad7430 Thread exited: 0x000001775fad7430
Event: 2657.370 Thread 0x000001775f441000 Thread exited: 0x000001775f441000
Event: 2657.371 Thread 0x000001776801dbb0 Thread exited: 0x000001776801dbb0
Event: 2657.372 Thread 0x0000017748cb9060 Thread exited: 0x0000017748cb9060
Event: 2658.372 Thread 0x000001773eb149b0 Thread added: 0x0000017748b44210
Event: 2658.614 Thread 0x0000017748b44210 Thread exited: 0x0000017748b44210
Event: 2658.779 Thread 0x00000177670380d0 Thread exited: 0x00000177670380d0
Event: 2658.779 Thread 0x000001773eb149b0 Thread added: 0x0000017748cb9060


Dynamic libraries:
0x00007ff79ab20000 - 0x00007ff79ab2e000 	C:\Users\Ashwin Prakash\.gradle\jdks\eclipse_adoptium-25-amd64-windows.2\bin\java.exe
0x00007ffa933c0000 - 0x00007ffa93626000 	C:\WINDOWS\SYSTEM32\ntdll.dll
0x00007ffa91ee0000 - 0x00007ffa91fa9000 	C:\WINDOWS\System32\KERNEL32.DLL
0x00007ffa90690000 - 0x00007ffa90a90000 	C:\WINDOWS\System32\KERNELBASE.dll
0x00007ffa90cc0000 - 0x00007ffa90e0c000 	C:\WINDOWS\System32\ucrtbase.dll
0x00007ffa78bf0000 - 0x00007ffa78c0e000 	C:\Users\Ashwin Prakash\.gradle\jdks\eclipse_adoptium-25-amd64-windows.2\bin\VCRUNTIME140.dll
0x00007ffa78c10000 - 0x00007ffa78c26000 	C:\Users\Ashwin Prakash\.gradle\jdks\eclipse_adoptium-25-amd64-windows.2\bin\jli.dll
0x00007ffa92a10000 - 0x00007ffa92bd7000 	C:\WINDOWS\System32\USER32.dll
0x00007ffa90c90000 - 0x00007ffa90cb7000 	C:\WINDOWS\System32\win32u.dll
0x00007ffa929e0000 - 0x00007ffa92a0b000 	C:\WINDOWS\System32\GDI32.dll
0x00007ffa90aa0000 - 0x00007ffa90bc9000 	C:\WINDOWS\System32\gdi32full.dll
0x00007ffa905e0000 - 0x00007ffa90683000 	C:\WINDOWS\System32\msvcp_win.dll
0x00007ffa7bf70000 - 0x00007ffa7c202000 	C:\WINDOWS\WinSxS\amd64_microsoft.windows.common-controls_6595b64144ccf1df_6.0.26100.8737_none_3e092eaee333b772\COMCTL32.dll
0x00007ffa91720000 - 0x00007ffa917c9000 	C:\WINDOWS\System32\msvcrt.dll
0x00007ffa91480000 - 0x00007ffa914b2000 	C:\WINDOWS\System32\IMM32.DLL
0x00007ffa7dfe0000 - 0x00007ffa7dfec000 	C:\Users\Ashwin Prakash\.gradle\jdks\eclipse_adoptium-25-amd64-windows.2\bin\vcruntime140_1.dll
0x00007ffa69de0000 - 0x00007ffa69e6d000 	C:\Users\Ashwin Prakash\.gradle\jdks\eclipse_adoptium-25-amd64-windows.2\bin\msvcp140.dll
0x00007ff9b9d20000 - 0x00007ff9bac4a000 	C:\Users\Ashwin Prakash\.gradle\jdks\eclipse_adoptium-25-amd64-windows.2\bin\server\jvm.dll
0x00007ffa91d30000 - 0x00007ffa91de7000 	C:\WINDOWS\System32\ADVAPI32.dll
0x00007ffa92650000 - 0x00007ffa926fa000 	C:\WINDOWS\System32\sechost.dll
0x00007ffa92700000 - 0x00007ffa92818000 	C:\WINDOWS\System32\RPCRT4.dll
0x00007ffa920b0000 - 0x00007ffa92130000 	C:\WINDOWS\System32\WS2_32.dll
0x00007ffa85f40000 - 0x00007ffa85f76000 	C:\WINDOWS\SYSTEM32\WINMM.dll
0x00007ffa8f0f0000 - 0x00007ffa8f14e000 	C:\WINDOWS\SYSTEM32\POWRPROF.dll
0x00007ffa85cf0000 - 0x00007ffa85cfb000 	C:\WINDOWS\SYSTEM32\VERSION.dll
0x00007ffa8f0d0000 - 0x00007ffa8f0e4000 	C:\WINDOWS\SYSTEM32\UMPDC.dll
0x00007ffa8f310000 - 0x00007ffa8f32b000 	C:\WINDOWS\SYSTEM32\kernel.appcore.dll
0x00007ffa7d8e0000 - 0x00007ffa7d8ea000 	C:\Users\Ashwin Prakash\.gradle\jdks\eclipse_adoptium-25-amd64-windows.2\bin\jimage.dll
0x00007ffa8dbd0000 - 0x00007ffa8de12000 	C:\WINDOWS\SYSTEM32\DBGHELP.DLL
0x00007ffa910f0000 - 0x00007ffa91473000 	C:\WINDOWS\System32\combase.dll
0x00007ffa91e00000 - 0x00007ffa91ed9000 	C:\WINDOWS\System32\OLEAUT32.dll
0x00007ffa77670000 - 0x00007ffa776ab000 	C:\WINDOWS\SYSTEM32\dbgcore.DLL
0x00007ffa90fa0000 - 0x00007ffa9104c000 	C:\WINDOWS\System32\bcryptPrimitives.dll
0x00007ffa7bd40000 - 0x00007ffa7bd4f000 	C:\Users\Ashwin Prakash\.gradle\jdks\eclipse_adoptium-25-amd64-windows.2\bin\instrument.dll
0x00007ffa78bd0000 - 0x00007ffa78bee000 	C:\Users\Ashwin Prakash\.gradle\jdks\eclipse_adoptium-25-amd64-windows.2\bin\java.dll
0x00007ffa91530000 - 0x00007ffa916c9000 	C:\WINDOWS\System32\ole32.dll
0x00007ffa92be0000 - 0x00007ffa93372000 	C:\WINDOWS\System32\SHELL32.dll
0x00007ffa8e080000 - 0x00007ffa8e912000 	C:\WINDOWS\SYSTEM32\windows.storage.dll
0x00007ffa91b50000 - 0x00007ffa91c47000 	C:\WINDOWS\System32\SHCORE.dll
0x00007ffa925e0000 - 0x00007ffa92647000 	C:\WINDOWS\System32\shlwapi.dll
0x00007ffa90500000 - 0x00007ffa90529000 	C:\WINDOWS\SYSTEM32\profapi.dll
0x00007ffa77760000 - 0x00007ffa77776000 	C:\Users\Ashwin Prakash\.gradle\jdks\eclipse_adoptium-25-amd64-windows.2\bin\zip.dll
0x00007ffa76940000 - 0x00007ffa76951000 	C:\Users\Ashwin Prakash\.gradle\jdks\eclipse_adoptium-25-amd64-windows.2\bin\net.dll
0x00007ffa8f990000 - 0x00007ffa8f9fc000 	C:\WINDOWS\system32\mswsock.dll
0x00007ffa76920000 - 0x00007ffa76936000 	C:\Users\Ashwin Prakash\.gradle\jdks\eclipse_adoptium-25-amd64-windows.2\bin\nio.dll
0x00007ffa7b110000 - 0x00007ffa7b120000 	C:\Users\Ashwin Prakash\.gradle\jdks\eclipse_adoptium-25-amd64-windows.2\bin\verify.dll
0x00007ffa69e80000 - 0x00007ffa69ea7000 	C:\Users\Ashwin Prakash\.gradle\native\660c5614fbf4a5f2a75b1949f50a0caf5cd603558e7d8a26e50b933a0cfb79d1\windows-amd64\native-platform.dll
0x00007ffa47e90000 - 0x00007ffa47f07000 	C:\Users\Ashwin Prakash\.gradle\native\0.2.8\x86_64-windows-gnu\gradle-fileevents.dll
0x00007ffa7aea0000 - 0x00007ffa7aeaa000 	C:\Users\Ashwin Prakash\.gradle\jdks\eclipse_adoptium-25-amd64-windows.2\bin\management.dll
0x00007ffa7ae60000 - 0x00007ffa7ae6c000 	C:\Users\Ashwin Prakash\.gradle\jdks\eclipse_adoptium-25-amd64-windows.2\bin\management_ext.dll
0x00007ffa91df0000 - 0x00007ffa91df8000 	C:\WINDOWS\System32\PSAPI.DLL
0x00007ffa8ecc0000 - 0x00007ffa8ecf3000 	C:\WINDOWS\SYSTEM32\IPHLPAPI.DLL
0x00007ffa91520000 - 0x00007ffa9152a000 	C:\WINDOWS\System32\NSI.dll
0x00007ffa78bc0000 - 0x00007ffa78bc9000 	C:\Users\Ashwin Prakash\.gradle\jdks\eclipse_adoptium-25-amd64-windows.2\bin\extnet.dll
0x00007ffa8fc90000 - 0x00007ffa8fcab000 	C:\WINDOWS\SYSTEM32\CRYPTSP.dll
0x00007ffa8f330000 - 0x00007ffa8f369000 	C:\WINDOWS\system32\rsaenh.dll
0x00007ffa8fa50000 - 0x00007ffa8fa82000 	C:\WINDOWS\SYSTEM32\USERENV.dll
0x00007ffa904d0000 - 0x00007ffa904fa000 	C:\WINDOWS\SYSTEM32\bcrypt.dll
0x00007ffa8fcb0000 - 0x00007ffa8fcbc000 	C:\WINDOWS\SYSTEM32\CRYPTBASE.dll
0x00007ffa78320000 - 0x00007ffa7832e000 	C:\Users\Ashwin Prakash\.gradle\jdks\eclipse_adoptium-25-amd64-windows.2\bin\sunmscapi.dll
0x00007ffa90e20000 - 0x00007ffa90f98000 	C:\WINDOWS\System32\CRYPT32.dll
0x00007ffa8fed0000 - 0x00007ffa8ff00000 	C:\WINDOWS\SYSTEM32\ncrypt.dll
0x00007ffa8fe80000 - 0x00007ffa8febf000 	C:\WINDOWS\SYSTEM32\NTASN1.dll
0x00007ffa5a260000 - 0x00007ffa5a268000 	C:\WINDOWS\system32\wshunix.dll
0x00007ffa8f4f0000 - 0x00007ffa8f526000 	C:\WINDOWS\SYSTEM32\ntmarta.dll
0x00007ffa84ae0000 - 0x00007ffa84af8000 	C:\WINDOWS\system32\napinsp.dll
0x00007ffa8ed50000 - 0x00007ffa8eea5000 	C:\WINDOWS\SYSTEM32\DNSAPI.dll
0x00007ffa8f750000 - 0x00007ffa8f75d000 	C:\WINDOWS\SYSTEM32\DSPARSE.dll
0x00007ffa84ac0000 - 0x00007ffa84ad3000 	C:\WINDOWS\System32\winrnr.dll
0x00007ffa84a90000 - 0x00007ffa84ab2000 	C:\WINDOWS\system32\nlansp_c.dll
0x00007ffa84a70000 - 0x00007ffa84a86000 	C:\WINDOWS\system32\wshbth.dll
0x00007ffa85ce0000 - 0x00007ffa85ceb000 	C:\Windows\System32\rasadhlp.dll
0x00007ffa85da0000 - 0x00007ffa85e26000 	C:\WINDOWS\System32\fwpuclnt.dll
0x00007ffa68b00000 - 0x00007ffa68b07000 	C:\Users\Ashwin Prakash\.gradle\jdks\eclipse_adoptium-25-amd64-windows.2\bin\rmi.dll
0x00007ffa69f40000 - 0x00007ffa69f81000 	C:\Users\Ashwin Prakash\AppData\Local\Temp\jna-139925712\jna12154516514500238501.dll
0x00007ffa1c8a0000 - 0x00007ffa1ca20000 	C:\Users\Ashwin Prakash\.gradle\jdks\eclipse_adoptium-25-amd64-windows.2\bin\awt.dll
0x00007ffa8a7e0000 - 0x00007ffa8a880000 	C:\WINDOWS\SYSTEM32\apphelp.dll
0x00007ffa8aad0000 - 0x00007ffa8ab79000 	C:\WINDOWS\system32\uxtheme.dll
0x00007ffa294e0000 - 0x00007ffa29613000 	C:\ProgramData\A-Volute\A-Volute.Nahimic\Modules\Scheduled\x64\AudioDevProps2.dll
0x00007ffa919b0000 - 0x00007ffa91b0d000 	C:\WINDOWS\System32\MSCTF.dll
0x00007ffa8ade0000 - 0x00007ffa8ae0f000 	C:\WINDOWS\system32\DWMAPI.DLL

JVMTI agents:
C:\Users\Ashwin Prakash\.gradle\wrapper\dists\gradle-9.6.0-bin\42k10rwplmzkhuboz9kdazi7s\gradle-9.6.0\lib\agents\gradle-instrumentation-agent-9.6.0.jar path:C:\Users\Ashwin Prakash\.gradle\jdks\eclipse_adoptium-25-amd64-windows.2\bin\instrument.dll, loaded, initialized, instrumentlib options:none

dbghelp: loaded successfully - version: 4.0.5 - missing functions: none
symbol engine: initialized successfully - sym options: 0x614 - pdb path: .;C:\Users\Ashwin Prakash\.gradle\jdks\eclipse_adoptium-25-amd64-windows.2\bin;C:\WINDOWS\SYSTEM32;C:\WINDOWS\WinSxS\amd64_microsoft.windows.common-controls_6595b64144ccf1df_6.0.26100.8737_none_3e092eaee333b772;C:\Users\Ashwin Prakash\.gradle\jdks\eclipse_adoptium-25-amd64-windows.2\bin\server;C:\Users\Ashwin Prakash\.gradle\native\660c5614fbf4a5f2a75b1949f50a0caf5cd603558e7d8a26e50b933a0cfb79d1\windows-amd64;C:\Users\Ashwin Prakash\.gradle\native\0.2.8\x86_64-windows-gnu;C:\Users\Ashwin Prakash\AppData\Local\Temp\jna-139925712;C:\ProgramData\A-Volute\A-Volute.Nahimic\Modules\Scheduled\x64;C:\Users\Ashwin Prakash\AppData\Local\Temp

VM Arguments:
jvm_args: --add-opens=java.base/java.lang=ALL-UNNAMED --add-opens=java.base/java.lang.invoke=ALL-UNNAMED --add-opens=java.base/java.util=ALL-UNNAMED --add-opens=java.prefs/java.util.prefs=ALL-UNNAMED --add-exports=jdk.compiler/com.sun.tools.javac.api=ALL-UNNAMED --add-exports=jdk.compiler/com.sun.tools.javac.util=ALL-UNNAMED --add-opens=java.base/java.nio.charset=ALL-UNNAMED --add-opens=java.base/java.net=ALL-UNNAMED --add-opens=java.base/java.util.concurrent=ALL-UNNAMED --add-opens=java.base/java.util.concurrent.atomic=ALL-UNNAMED --add-opens=java.xml/javax.xml.namespace=ALL-UNNAMED --add-opens=java.base/java.time=ALL-UNNAMED --enable-native-access=ALL-UNNAMED -Xmx2048m -Dfile.encoding=UTF-8 -Duser.country=IN -Duser.language=en -Duser.variant -javaagent:C:\Users\Ashwin Prakash\.gradle\wrapper\dists\gradle-9.6.0-bin\42k10rwplmzkhuboz9kdazi7s\gradle-9.6.0\lib\agents\gradle-instrumentation-agent-9.6.0.jar 
java_command: org.gradle.launcher.daemon.bootstrap.GradleDaemon 9.6.0
java_class_path (initial): C:\Users\Ashwin Prakash\.gradle\wrapper\dists\gradle-9.6.0-bin\42k10rwplmzkhuboz9kdazi7s\gradle-9.6.0\lib\gradle-daemon-main-9.6.0.jar
Launcher Type: SUN_STANDARD

[Global flags]
     intx CICompilerCount                          = 4                                         {product} {ergonomic}
     uint ConcGCThreads                            = 3                                         {product} {ergonomic}
     uint G1ConcRefinementThreads                  = 10                                        {product} {ergonomic}
   size_t G1HeapRegionSize                         = 1048576                                   {product} {ergonomic}
   size_t InitialHeapSize                          = 197132288                                 {product} {ergonomic}
   size_t MarkStackSize                            = 4194304                                   {product} {ergonomic}
   size_t MarkStackSizeMax                         = 536870912                                 {product} {ergonomic}
   size_t MaxHeapSize                              = 2147483648                                {product} {command line}
   size_t MaxNewSize                               = 1287651328                                {product} {ergonomic}
   size_t MinHeapDeltaBytes                        = 1048576                                   {product} {ergonomic}
   size_t MinHeapSize                              = 8388608                                   {product} {ergonomic}
    uintx NonNMethodCodeHeapSize                   = 5898240                                {pd product} {ergonomic}
    uintx NonProfiledCodeHeapSize                  = 122945536                              {pd product} {ergonomic}
    uintx ProfiledCodeHeapSize                     = 122945536                              {pd product} {ergonomic}
    uintx ReservedCodeCacheSize                    = 251789312                              {pd product} {ergonomic}
     bool SegmentedCodeCache                       = true                                      {product} {ergonomic}
   size_t SoftMaxHeapSize                          = 2147483648                             {manageable} {ergonomic}
     bool UseCompressedOops                        = true                           {product lp64_product} {ergonomic}
     bool UseG1GC                                  = true                                      {product} {ergonomic}
     bool UseLargePagesIndividualAllocation        = false                                  {pd product} {ergonomic}

Logging:
Log output configuration:
 #0: stdout all=warning uptime,level,tags foldmultilines=false
 #1: stderr all=off uptime,level,tags foldmultilines=false

Release file:
IMPLEMENTOR="Eclipse Adoptium" 
IMPLEMENTOR_VERSION="Temurin-25.0.3+9" 
JAVA_RUNTIME_VERSION="25.0.3+9-LTS" 
JAVA_VERSION="25.0.3" 
JAVA_VERSION_DATE="2026-04-21" 
LIBC="default" 
MODULES="java.base java.compiler java.datatransfer java.xml java.prefs java.desktop java.instrument java.logging java.management java.security.sasl java.naming java.rmi java.management.rmi java.net.http java.scripting java.security.jgss java.transaction.xa java.sql java.sql.rowset java.xml.crypto java.se java.smartcardio jdk.accessibility jdk.internal.jvmstat jdk.attach jdk.charsets jdk.internal.opt jdk.zipfs jdk.compiler jdk.crypto.cryptoki jdk.crypto.ec jdk.crypto.mscapi jdk.dynalink jdk.internal.ed jdk.editpad jdk.internal.vm.ci jdk.graal.compiler jdk.graal.compiler.management jdk.hotspot.agent jdk.httpserver jdk.incubator.vector jdk.internal.le jdk.internal.md jdk.jartool jdk.javadoc jdk.jcmd jdk.management jdk.management.agent jdk.jconsole jdk.jdeps jdk.jdwp.agent jdk.jdi jdk.jfr jdk.jlink jdk.jpackage jdk.jshell jdk.jsobject jdk.jstatd jdk.localedata jdk.management.jfr jdk.naming.dns jdk.naming.rmi jdk.net jdk.nio.mapmode jdk.sctp jdk.security.auth jdk.security.jgss jdk.unsupported jdk.unsupported.desktop jdk.xml.dom" 
OS_ARCH="x86_64" 
OS_NAME="Windows" 
SOURCE=".:git:cda0a1776184" 
BUILD_SOURCE="git:a612825ee82a20ac872d60958c349854c1f29a8e"
BUILD_SOURCE_REPO="https://github.com/adoptium/temurin-build.git"
SOURCE_REPO="https://github.com/adoptium/jdk25u.git"
FULL_VERSION="25.0.3+9-LTS"
SEMANTIC_VERSION="25.0.3+9"
BUILD_INFO="OS: Windows Server 2022 Version: 10.0"
JVM_VARIANT="Hotspot"
JVM_VERSION="25.0.3+9-LTS"
IMAGE_TYPE="JDK"

Environment Variables:
PATH=e:\deepsight\.venv\Scripts;C:\Python313\Scripts\;C:\Python313\;E:\DBMS\dbhomeXE\bin;C:\Program Files\Common Files\Oracle\Java\javapath;C:\Program Files (x86)\Common Files\Oracle\Java\javapath;C:\WINDOWS\system32;C:\WINDOWS;C:\WINDOWS\System32\Wbem;C:\WINDOWS\System32\WindowsPowerShell\v1.0\;C:\WINDOWS\System32\OpenSSH\;C:\Program Files (x86)\NVIDIA Corporation\PhysX\Common;C:\Program Files\NVIDIA Corporation\NVIDIA NvDLISR;C:\Program Files\dotnet\;C:\Users\Ashwin Prakash\Downloads\ta-lib-0.4.0-msvc\ta-lib\lib;C:\Users\Ashwin Prakash\Downloads\ta-lib-0.4.0-msvc\ta-lib\include;C:\Program Files\Microsoft SQL Server\150\Tools\Binn\;C:\Program Files (x86)\Windows Kits\10\Windows Performance Toolkit\;C:\Flutter\src\flutter\bin;C:\Program Files\nodejs;C:\Program Files\Git\cmd;E:\node\;C:\ProgramData\chocolatey\bin;C:\Users\Ashwin Prakash\AppData\Local\Android\Sdk\emulator;C:\Users\Ashwin Prakash\AppData\Local\Android\Sdk\platform-tools;C:\Users\Ashwin Prakash\Scripts\;C:\Users\Ashwin Prakash\;C:\Python313\Scripts\;C:\Python313\;E:\DBMS\dbhomeXE\bin;C:\Program Files\Common Files\Oracle\Java\javapath;C:\Program Files (x86)\Common Files\Oracle\Java\javapath;C:\WINDOWS\system32;C:\WINDOWS;C:\WINDOWS\System32\Wbem;C:\WINDOWS\System32\WindowsPowerShell\v1.0\;C:\WINDOWS\System32\OpenSSH\;C:\Program Files (x86)\NVIDIA Corporation\PhysX\Common;C:\Program Files\NVIDIA Corporation\NVIDIA NvDLISR;C:\Program Files\dotnet\;C:\Users\Ashwin Prakash\Downloads\ta-lib-0.4.0-msvc\ta-lib\lib;C:\Users\Ashwin Prakash\Downloads\ta-lib-0.4.0-msvc\ta-lib\include;C:\Program Files\Microsoft SQL Server\150\Tools\Binn\;C:\Program Files (x86)\Windows Kits\10\Windows Performance Toolkit\;C:\Flutter\src\flutter\bin;C:\Program Files\nodejs;C:\Program Files\Git\cmd;E:\node\;C:\ProgramData\chocolatey\bin;C:\Users\Ashwin Prakash\AppData\Local\Android\Sdk\emulator;C:\Users\Ashwin Prakash\AppData\Local\Android\Sdk\platform-tools;C:\Python313\Scripts\;C:\Python313\;E:\DBMS\dbhomeXE\bin;C:\Program Files\Common Files\Oracle\Java\javapath;C:\Program Files (x86)\Common Files\Oracle\Java\javapath;C:\WINDOWS\system32;C:\WINDOWS;C:\WINDOWS\System32\Wbem;C:\WINDOWS\System32\WindowsPowerShell\v1.0\;C:\WINDOWS\System32\OpenSSH\;C:\Program Files (x86)\NVIDIA Corporation\PhysX\Common;C:\Program Files\NVIDIA Corporation\NVIDIA NvDLISR;C:\Program Files\dotnet\;C:\Users\Ashwin Prakash\Downloads\ta-lib-0.4.0-msvc\ta-lib\lib;C:\Users\Ashwin Prakash\Downloads\ta-lib-0.4.0-msvc\ta-lib\include;C:\Program Files\Microsoft SQL Server\150\Tools\Binn\;C:\Program Files (x86)\Windows Kits\10\Windows Performance Toolkit\;C:\Flutter\src\flutter\bin;C:\Program Files\nodejs;C:\Program Files\Git\cmd;E:\node\;C:\ProgramData\chocolatey\bin;C:\Users\Ashwin Prakash\AppData\Local\Android\Sdk\emulator;C:\Users\Ashwin Prakash\AppData\Local\Android\Sdk\platform-tools;e:\cursor\resources\app\codeBin;C:\Users\Ashwin Prakash\AppData\Local\Programs\Python\Python311\Scripts\;C:\Users\Ashwin Prakash\AppData\Local\Programs\Python\Python311\;C:\Users\Ashwin Prakash\AppData\Local\Programs\Python\Launcher\;C:\Users\Ashwin Prakash\AppData\Local\Microsoft\Windows;C:\Users\Ashwin Prakash\AppData\Local\Programs\Microsoft VS Code\bin;C:\Users\Ashwin Prakash\AppData\Local\Microsoft\WindowsApps;C:\Users\Ashwin Prakash\.dotnet\tools;C:\Users\Ashwin Prakash\AppData\Roaming\Python\Python313\Scripts;C:\Users\Ashwin Prakash\AppData\Roaming\npm
USERNAME=Ashwin Prakash
OS=Windows_NT
PROCESSOR_IDENTIFIER=Intel64 Family 6 Model 151 Stepping 2, GenuineIntel
TMP=C:\Users\ASHWIN~1\AppData\Local\Temp
TEMP=C:\Users\ASHWIN~1\AppData\Local\Temp




Compilation memory statistics disabled.

Periodic native trim disabled

---------------  S Y S T E M  ---------------

OS:
 Windows 11 , 64 bit Build 26100 (10.0.26100.8737)
OS uptime: 9 days 12:55 hours
Hyper-V role detected

CPU: total 12 (initial active 12) (6 cores per cpu, 2 threads per core) family 6 model 151 stepping 2 microcode 0x3a, cx8, cmov, fxsr, ht, mmx, 3dnowpref, sse, sse2, sse3, ssse3, sse4.1, sse4.2, popcnt, lzcnt, tsc, tscinvbit, avx, avx2, aes, erms, clmul, bmi1, bmi2, adx, sha, fma, vzeroupper, clflush, clflushopt, clwb, hv, serialize, rdtscp, rdpid, fsrm, gfni, f16c, cet_ibt, cet_ss
Processor Information for processor 0
  Max Mhz: 2400, Current Mhz: 2400, Mhz Limit: 2400
Processor Information for processor 1
  Max Mhz: 2400, Current Mhz: 2400, Mhz Limit: 2400
Processor Information for processor 2
  Max Mhz: 2400, Current Mhz: 2400, Mhz Limit: 2400
Processor Information for processor 3
  Max Mhz: 2400, Current Mhz: 2400, Mhz Limit: 2400
Processor Information for processor 4
  Max Mhz: 2400, Current Mhz: 2400, Mhz Limit: 2400
Processor Information for processor 5
  Max Mhz: 2400, Current Mhz: 2400, Mhz Limit: 2400
Processor Information for processor 6
  Max Mhz: 2400, Current Mhz: 2400, Mhz Limit: 2400
Processor Information for processor 7
  Max Mhz: 2400, Current Mhz: 2400, Mhz Limit: 2400
Processor Information for processor 8
  Max Mhz: 2400, Current Mhz: 2400, Mhz Limit: 2400
Processor Information for processor 9
  Max Mhz: 2400, Current Mhz: 2400, Mhz Limit: 2400
Processor Information for processor 10
  Max Mhz: 2400, Current Mhz: 2400, Mhz Limit: 2400
Processor Information for processor 11
  Max Mhz: 2400, Current Mhz: 1466, Mhz Limit: 2400

Memory: 4k page, system-wide physical 11995M (323M free)
TotalPageFile size 33793M (AvailPageFile size 21M)
current process WorkingSet (physical memory assigned to process): 1375M, peak: 1375M
current process commit charge ("private bytes"): 1934M, peak: 1937M

vm_info: OpenJDK 64-Bit Server VM (25.0.3+9-LTS) for windows-amd64 JRE (25.0.3+9-LTS), built on 2026-04-21T00:00:00Z with MS VC++ 17.12 (VS2022)

END.
